#,Company name,HQ country,Market,Segment,Why wrist = must,Pain Score,Funding / revenue,Funding score,Website,E-com type,Last media mention = title + source link with anchor,Coverage score,Priority score,Notes / flags
1,"Andon Health Co., Ltd. (iHealth)",China,"Global (iHealth brand strong in US market, China domestic, international)","Connected wrist BP + home health electronics (glucose, thermometer, oximeter, ECG, smart watches)","Andon Health manufactures wrist blood pressure monitors under the iHealth brand. iHealth is a recognized consumer health brand in the US (sold at Walmart, CVS, Amazon). Wrist BP is essential to iHealth's connected health ecosystem, which syncs with their mobile app for chronic disease management. The wrist form factor appeals to younger, tech-savvy consumers who are iHealth's target demographic.",3,"PUBLIC on Shenzhen Stock Exchange (002432.SZ). FY2024 semi-annual revenue: RMB 1.351B. Median annual revenue (2020-2024): ~RMB 2.592B (~$360M). Peak revenue during COVID (2022): ~$24B from iHealth test kits. Q3 2024 revenue: RMB 741M (+60.32% YoY). Market cap data available on Bloomberg, Reuters. Total assets: ~RMB 28.98B in latest quarter.",3,https://www.ihealthlabs.com / https://www.andonhealth.com,"B2C retail via Amazon, Walmart, CVS, Best Buy in US. Direct e-commerce via ihealthlabs.com. B2B distribution to healthcare providers. Recent move to 100% ownership of iHealth Inc. (acquiring Xiaomi's 20% stake for $46M in Feb 2025).","Andon Health to Fully Control iHealth by Acquiring Best Ventures' 20% Stake for $46M (Reuters/fastbull, Feb 2025). Stock covered regularly by Reuters, Bloomberg, Yahoo Finance. Q3 2024 net profit down 12.8% YoY (Reuters/TradingView, 2025).",3,12,"FILTER PASS: Public (002432.SZ). Strong US brand recognition via iHealth. Revenue recovering post-COVID test kit windfall, diversifying back to core device business. Acquired full control of iHealth in 2025. Connected health ecosystem play. Very strong priority due to public listing, major media coverage, and established US retail distribution."
2,OMRON Healthcare,Japan / US,Global market,Wrist BP Monitor (HeartGuide smartwatch with inflatable cuff),"HeartGuide uses inflatable wrist cuff; wrong fit = inaccurate BP reading (medical device), patient safety risk",3,Public — OMRON Corp (TYO:6645). Healthcare segment revenue ~$1.5B+. Parent revenue ¥818B (~$5.5B). Source: https://www.omron.com/global/en/,3,https://omronhealthcare.com,Both (D2C + B2B platform/retail),Omron launches HeartGuide watch-based wearable BP monitor — MassDevice — https://www.massdevice.com/omron-launches-heartguide-watch-based-wearable-bp-monitor/,2,11,"Passed. Public company, global leader in BP monitors. HeartGuide is FDA-cleared. Massive distribution."
3,Huawei Health (Watch D / Watch D2),China,Global market,Wrist BP Monitor (cuff-based smartwatch),"Inflatable wrist cuff for BP; wrong size = inaccurate medical reading, device malfunction; CE medical in EU",3,"Part of Huawei Technologies — private, ~$100B+ revenue. Source: https://consumer.huawei.com",3,https://consumer.huawei.com,Both (D2C + massive retail/B2B),Huawei Watch D blood pressure monitoring how it works — Wareable — https://www.wareable.com/smartwatches/huawei-watch-d-blood-pressure-monitoring-how-it-works-video-8664,2,11,Passed. NOT on exclusion list. Watch D/D2 is CE medical in EU. Massive scale. Huawei has wrist BP with real inflatable cuff.
4,Masimo,US,Global market,Medical Watch (Masimo W1),"Medical-grade wrist SpO₂/perfusion monitoring; wrong fit = optical sensor gap = inaccurate vitals, clinical decisions affected",3,"Public — NASDAQ: MASI. Revenue $2.09B (2024), net margin 13.6%. Source: https://en.wikipedia.org/wiki/Masimo",3,https://www.masimo.com,Both (B2B hospital + D2C),Masimo (NASDAQ:MASI) Posts Better-Than-Expected Sales In Q4 CY2024 — StockStory — https://stockstory.org/nasdaq/masi/earnings/masimo-nasdaqmasi-posts-better-than-expected-sales-in-q4,2,11,"Passed. Public company, $2B+ revenue. W1 is a medical watch. Global hospital presence. Strong."
5,PAUL HARTMANN / Veroval,Germany,"Wrist blood pressure monitors, medical supplies, wound care, incontinence",Home healthcare devices (Veroval brand) within diversified medical products group,"Veroval brand includes dedicated wrist BP monitors (Veroval Wrist, Veroval Premium Wrist) as part of a comprehensive BP product line; wrist form factor enables easy self-measurement for home users",3,"PUBLIC (Stuttgart SWB:PHH2, Frankfurt). FY2025 revenue EUR 2.45B, adj. EBITDA EUR 277M. Market cap ~EUR 400M. Massive diversified medical products group.",3,https://www.veroval.info,Brand site (veroval.info) + pharmacy/medical supply retail; corporate B2B at hartmann.info,"HARTMANN closes 2025 financial year with higher sales and earnings (press release covered by Marketscreener, finanznachrichten, Presseportal)",2,11,"FILTER PASS: Public company (listed Stuttgart/Frankfurt). Veroval is the consumer brand of PAUL HARTMANN AG. BP monitors are a small portion of a EUR 2.45B diversified medical products business. Very stable, cash-rich parent. Wrist BP products available globally including EU, Middle East, Asia."
6,Medline Industries,United States,"Wrist blood pressure monitors, medical-surgical supplies, healthcare products",Medical supplies distribution + manufacturing (BP monitors as small fraction),"Medline sells own-brand digital wrist BP monitors through retail (Walmart, Amazon) and healthcare channels; wrist form factor addresses home consumer demand for convenient BP monitoring",3,Private (PE-backed: Blackstone/Carlyle/Hellman & Friedman acquired majority in 2021 at $34B valuation). Annual revenue $21B+. Largest private medical supplies manufacturer/distributor in US.,3,https://www.medline.com,"B2B distribution platform + retail via Walmart, Amazon, and medical supply channels","Crews battle Medline Industries warehouse fire in Tracy, California - NYPost coverage June 11, 2026; describes company marketing ~190,000 products",2,11,"FILTER FAIL: Private company, PE-backed (not public, not Series B+). Massive scale: $21B+ revenue, $34B valuation, 56 years of consecutive sales growth. Wrist BP is a tiny fraction of business (commodity product). The LBO by Blackstone/Carlyle/H&F in 2021 was one of the largest ever. Extensive global presence. Main interest would be as a distribution channel partner, not as a BP innovation company."
7,Withings,France,Global market,Medical Watch (ScanWatch hybrid),"Medical-grade ECG/SpO₂ on wrist; wrong band size = poor sensor contact = missed arrhythmia detection, data gaps",3,"Private. Est. annual revenue ~$62.5M (Growjo). Previously acquired by Nokia, then bought back. Source: https://growjo.com/company/Withings",2,https://withings.com,Both (D2C + retail/B2B),Withings ScanWatch 2 unveiled with HealthSense 4 AI update — Archyde — Sep 2025 — https://www.archyde.com/withings-scanwatch-2-unveiled-boasts-35-day-battery-life-outlasting-apple-watch/,2,10,"Passed. Large private, global sales US+EU. CE medical + FDA cleared. ScanWatch is clinically validated."
8,Braun Healthcare / Kaz (Helen of Troy subsidiary),"Germany / United States (Kaz USA HQ: Marlborough, MA; Braun brand licensed from P&G; Kaz Europe Sàrl in Switzerland)","Global (US, Europe, Asia, Middle East)","Wrist BP monitors, thermometers (ThermoScan), nebulizers, healthcare devices","Braun wrist BP monitors leverage the Braun brand's medical-trust equity (ThermoScan thermometers are #1 doctor-recommended). This creates a dangerous trust gap: consumers assume Braun 'medical accuracy' extends to wrist BP devices, but wrist-based measurement is inherently flawed. The Braun brand premium masks the same positioning-error problem that plagues all wrist monitors — arm position relative to heart determines accuracy.",3,Parent Helen of Troy: $1.9B annual revenue (FY2025). Health & Home segment (includes Braun/Kaz): ~$700M+. Kaz acquired for $260M in 2010. No separate funding for Braun Healthcare.,3,https://www.braunhealthcare.com,"B2C ecommerce + retail distribution (Amazon, pharmacies, mass retail)","Helen of Troy (parent) Q4 FY2025 earnings reported April 24, 2025 on Bloomberg/WSJ/Reuters — but coverage focuses on overall HELE performance, not specifically Braun Healthcare or wrist BP. Score 2 (parent coverage counts as trade-level for this segment).",2,10,"Filter VERIFIED: Subsidiary of public company (NASDAQ:HELE). Global sales confirmed. Not on exclusion list. Highest priority score in batch (10). Strong brand equity (Braun) but wrist BP accuracy concerns are magnified by medical-brand trust. Brand is licensed, not owned — P&G retains Braun trademark ownership. Parent HELE under activist investor pressure in 2025-2026."
9,Lepu Medical Technology,China,"Global (China primary, worldwide distribution in 100+ countries)","Wrist BP monitors, ECG, SpO₂, interventional cardiology devices, cardiovascular solutions","Lepu Medical's BP2A wrist monitor and Armfit+ wearable BP+ECG device position wrist measurement within a clinical cardiovascular ecosystem. This is dangerous: Lepu's interventional cardiology credibility (stents, catheters, pacemakers) creates a halo of clinical trust that extends to consumer wrist BP devices. If the wrist BP gives false readings, it can trigger unnecessary cardiology referrals or miss hypertension — in a company that also sells $10,000+ interventional procedures, this is a severe conflict-of-interest risk.",3,CNY 6.48B (~$890M USD) revenue FY2025 (+6.22% YoY). CNY 6.10B revenue FY2024 (-23.52% YoY decline). Public company. Major player in Chinese medical devices. Revenue peaked at ~$1.5B in 2022.,3,https://en.lepumedical.com,"B2B (hospitals, distributors) + B2C (Amazon, retail pharmacies, own ecommerce)","Stock data pages on WSJ, Bloomberg, Reuters for 300003.SZ. FY2024 annual report (April 2025). IVL Workshop announcement (Jan 2026, en.lepumedical.com). Financial press coverage through earnings cycles. Score 2 (financial press standard coverage, no major editorial features found in last 6mo for wearable/BP specifically).",2,10,Filter VERIFIED: Public (300003.SZ). Global sales confirmed (100+ countries). Not on exclusion list. Highest priority score (10). Key concern: Lepu is a cardiovascular INTERVENTION company also selling consumer BP monitors — the clinical-to-consumer trust transfer creates unique liability. Major revenue decline in 2024 (-23.5%) suggests business challenges. Deep brain stimulation device pending approval could shift focus away from consumer wearables.
10,Yuwell Medical (Jiangsu Yuyue Medical Equipment & Supply),China,"Global (China HQ, EU presence via yuwell-eu.com, Middle East, SE Asia)","Wrist BP + home medical devices (respiratory, CGM, wearables)","Yuwell produces wrist-type blood pressure monitors as part of its comprehensive home medical device portfolio. Wrist BP is a key form factor for consumer home health, and Yuwell's brand scale means they must have a wrist offering to compete with Omron and other global players in the retail/channel market.",3,PUBLIC on Shenzhen Stock Exchange (002223.SZ). FY2023 revenue: RMB 7.972B (~$1.1B). FY2024 total assets: RMB 15.65B. Market cap: ~RMB 25.64B (~$3.5B). Dividend: RMB 4.00 per 10 shares (RMB 801.8M total).,3,https://www.yuwell.com,"B2B wholesale/distribution + B2C retail via Amazon, AliExpress, pharmacies. Strong hospital/clinical channel in China (in 700+ hospitals). Direct e-commerce via yuwell-eu.com.","Yuwell Medical Makes Its Debut at CES 2026: AI Expands the Boundaries of Health Management (PR Newswire/PRNasia, Jan 2026). Also covered by TrendHunter, MedTech Spectrum, ZDNET.",2,10,"FILTER PASS: Public (002223.SZ). $1B+ revenue, market leader in China home medical devices. CES 2026 debut signals aggressive global/US expansion. Wrist BP is part of larger ecosystem play. AI-powered wearable ecosystem. Strategic partnership with Inogen (respiratory). CFA Team China official partner."
11,Aktiia / Hilo,Switzerland,Global market,Wrist BP Monitor (cuffless continuous),"Cuffless optical BP measurement on wrist; wrong band size = sensor misalignment = inaccurate BP data, potential misdiagnosis",3,"Series B $42M (May 2025), total >$100M. Rebranded to Hilo. Source: https://hilo.com/en-eu/blogs/pre/hilo-42m-series-b-rebrand",3,https://hilo.com / https://aktiia.com,D2C,Hilo Band becomes first cuffless FDA-cleared OTC BP monitor — the5krunner — Jul 2025 — https://the5krunner.com/2025/07/10/breakthrough-hilo-band-first-cuffless-and-fda-approved-continuous-blood-pressure-monitor/,2,9,"Passed. Series B+, FDA cleared, global (EU CE marked + US FDA). Strong contender."
12,Empatica,US / Italy,Global market,"Medical Watch (EmbracePlus, EpiMonitor for epilepsy)","Seizure detection via wrist sensors; wrong band size = sensor lift-off = missed seizure events, life-threatening for patients",3,Series B (2022). Total raised $30.9M over 5 rounds. FDA cleared. Source: https://tracxn.com/d/companies/empatica/__CaWxYxntKLZ4Ve4E71ZJMxMUGeNvlpuWKSNs4loXHn8/funding-and-investors,2,https://www.empatica.com,Both (D2C + B2B research/clinical),Empatica EmbracePlus: Medical Sensor Platform — EmergentMind — https://www.emergentmind.com/topics/empatica-embraceplus,2,9,"Passed. Series B, FDA cleared, global (US, UK, EU, AU, NZ, CA). EpiMonitor is life-critical seizure detection."
13,iHealth Labs,US / China,Global market,Wrist BP Monitor + RPM devices,"Wrist BP monitors with app; wrong cuff size = inaccurate BP readings, hypertension mismanagement risk",3,"Subsidiary of Andon Health (SHE:002432), public Chinese company. Parent acquiring full 100% ownership. Source: https://www.marketscreener.com/quote/stock/ANDON-HEALTH-CO-LTD-11367151/news/Andon-Health-Moving-to-Full-Ownership-of-iHealth-Subsidiary-49042170/",3,https://ihealthlabs.com,Both (D2C + retail/B2B),iHealth Lab launches iHealth Ease blood pressure monitor — MassDevice — https://www.massdevice.com/ihealth-lab-launches-ihealth-ease-blood-pressure-monitor/,1,9,Passed. Public parent (Andon Health). US + China sales. FDA cleared BP monitors. RPM platform.
14,A&D Medical,Japan / US,Global market,Wrist BP Monitor (consumer + clinical),"Wrist BP monitors; wrong cuff size = inaccurate oscillometric readings, clinical measurement error",3,"Part of A&D Holon Holdings (TYO:7745), public Japanese company. Parent revenue ~¥50B. Source: https://en.wikipedia.org/wiki/A%26D_Company",3,https://www.aandd.jp (A&D) / https://medical.andonline.com,Both (D2C + retail/B2B),"A&D Medical UB-525 Wrist BP Monitor listed on Walmart, Amazon — no recent major media coverage found",1,9,Passed. Public parent (TYO:7745). Global medical device company. Wrist BP monitors sold worldwide.
15,Nihon Seimitsu Sokki / Nissei,Japan,"Wrist blood pressure monitors, pulse oximeters, thermometers",Home healthcare devices,Nissei pioneered digital BP monitors (world's first in 1975) and produces wrist-type models (WS series) as a core product line for convenient home monitoring,3,"Private, 70+ year old company. Revenue undisclosed but listed among top global BP monitor players alongside Omron, A&D, Microlife. Estimated $50-150M.",2,https://www.nissei-kk.co.jp/english/,"Corporate site, distributed via medical supply channels and regional retailers",Mentioned in QYResearch 'Blood Pressure Monitors for Home Use - Global Market Share' report (2025) as key global player with 66.55% combined top-5 share,2,9,"FILTER FAIL: Private company (not public, not Series B+). Founded 1950, very established Japanese manufacturer. Supplies components to Sony, Omron, Canon, Sanyo, Seiko, Samsung. FDA 510(k) clearance for wrist BP (K080177). Global distribution but likely low on innovation/startup metrics."
16,Bosch + Sohn / boso,Germany,Wrist and upper arm blood pressure monitors,"Home healthcare devices, clinical BP monitoring",boso produces a dedicated line of wrist BP monitors (boso medicus family) as a key product category alongside upper-arm devices for home users prioritizing convenience and portability,3,Private family-owned German manufacturer. Revenue undisclosed but established niche player in BP monitoring. Estimated $10-50M.,2,https://www.boso.de,Corporate site with dealer/distributor network; sold through medical supply retailers and Amazon,Stiftung Warentest (German consumer testing) rated boso medicus exclusive as test winner among blood pressure monitors (2023/2024),2,9,"FILTER FAIL: Private company (not public, not Series B+). Founded 1965, spin-off from Bosch & Speidel. Well-respected German brand with Stiftung Warentest awards. Focused exclusively on BP monitoring and cardiovascular diagnostics. Strong European presence but limited global brand recognition."
17,Contec Medical Systems,China,"Wrist blood pressure monitors, SpO₂, ECG, patient monitoring equipment",Medical diagnostic and monitoring equipment,Contec produces wrist-worn pulse oximeters and BP monitors as part of a broad patient monitoring portfolio; the wrist form factor enables continuous ambulatory monitoring for clinical and home use,3,"PUBLIC (Shenzhen 300869.SZ). FY2024 revenue CNY 479.8M (~$66M), down 35.8% YoY from CNY 747M. Market cap ~CNY 2.5B. Revenue peaked at CNY 1.4B in 2020 (COVID demand).",2,https://www.contecmed.com,B2B corporate + Alibaba/Global Sources for international trade; products also on Amazon,"Contec Medical 300869.SZ financials and stock data available on Reuters, WSJ, Yahoo Finance; earnings reports covered on MarketScreener (most recent: Q1 2026 results)",2,9,FILTER PASS: Public company (Shenzhen Stock Exchange 300869.SZ). Post-COVID revenue decline (from CNY 1.4B peak in 2020 to CNY 480M in 2024). Strong R&D in medical monitoring. International sales through distributors. WSJ and Reuters carry financial data. Wrist BP/pulse-ox products are key offerings alongside larger patient monitors.
18,Pic Solution / Artsana Group,Italy,Global (Chicco brand in 120+ countries; Pic Solution primarily EU + international),"Wrist BP + home medical devices (glucometers, nebulizers, thermometers)","Pic Solution, the healthcare division of Artsana Group, produces digital automatic wrist blood pressure monitors. As a major Italian healthcare brand distributed through European pharmacies, Pic Solution must offer wrist BP alongside arm BP monitors to maintain comprehensive shelf presence. The brand's positioning ('È facile con Pic!' - It's easy with Pic!) aligns with the convenience proposition of wrist monitors. Artsana's massive distribution network ($1.3B+ group revenue) means wrist BP is a mandatory category to fill pharmacy channel demand.",3,"PRIVATE Italian group, founded 1946. Revenue: €1.3B (2023, per Wikipedia). Investindustrial acquired 60% stake in 2016. Estimated $1B-$5B annual revenue range (SignalHire). 2,814 employees (2023). NOT publicly traded and no Series B+ (mature family-founded conglomerate). Healthcare division (Pic Solution) is ~13% of group revenue = ~€170M.",3,https://www.picsolution.com / https://www.artsana.com,B2B distribution via pharmacies and healthcare retailers across Europe. B2C via picsolution.com and Amazon. Artsana's retail arm (Prenatal Retail Group) provides captive distribution.,No significant media coverage found in last 6 months from WSJ/Bloomberg/TC/Reuters. Investindustrial's involvement (PE firm) generates occasional financial press. 2023 Sustainability Report published on artsana.com. No trade publication BP-specific coverage found.,1,9,"FILTER EDGE CASE: Private group with €1.3B revenue but not Series B+ (mature, PE-backed). Investindustrial owns 60% since 2016. Healthcare division (Pic Solution) is ~13% of group, still ~€170M. Massive distribution network via Chicco and Prenatal. Wrist BP is a small but necessary SKU in a huge portfolio. Low media visibility for medical devices specifically. Artsana Group sustainability report shows headcount reduction of 15% in 2023 (reorganization)."
19,Biobeat,Israel,Global market,Wrist RPM Monitor (cuffless BP + vital signs),"Wrist-worn patch/sensor for 24h ABPM; wrong size = sensor misalignment = inaccurate BP data, clinical diagnosis compromised",3,Series B $50M (Jan 2026). Total funding $50M+. FDA cleared. Source: https://www.medtechdive.com/news/biobeat-raises-50m-cuffless-blood-pressure/808817/,2,https://www.bio-beat.com,B2B platform (hospitals/clinics),Biobeat raises $50M to commercialize cuffless blood pressure monitor — MedTech Dive — Jan 2026 — https://www.medtechdive.com/news/biobeat-raises-50m-cuffless-blood-pressure/808817/,2,8,Passed. Series B $50M. FDA cleared ABPM system. B2B clinical focus. Global (US + Israel).
20,Microlife,Switzerland / Taiwan,Global market,Wrist BP Monitor (consumer + clinical),"Wrist BP monitors require correct cuff positioning at heart level; wrong size = erroneous readings, hypertension misdiagnosis",3,"Private company. Revenue not disclosed. Global presence (Switzerland HQ, Taiwan manufacturing). Est. $100M+ revenue based on market position. Needs verification. Source: https://en.wikipedia.org/wiki/Microlife_Corporation",2,https://www.microlife.com,Both (D2C + retail/B2B),Microlife Corporation — Wikipedia — https://en.wikipedia.org/wiki/Microlife_Corporation (no recent major media coverage found),1,8,"Passed (needs revenue verification). Large private, 40+ year old company. Global presence but limited media visibility. Flag: revenue data from PitchBook needed."
21,Beurer,Germany,Global market,Wrist BP Monitor (consumer health),"Wrist BP monitors require correct positioning; wrong size = inaccurate readings, consumer health risk",3,Private. Revenue ~€230M (2016). 800+ employees. 100+ year old company. Source: https://en.wikipedia.org/wiki/Beurer,2,https://www.beurer.com,Both (D2C + retail/B2B),Beurer BC80 Wrist Blood Pressure Monitor on Amazon — no recent major media coverage (trade/retail only),1,8,"FILTER PASSED. Large private, €230M+ revenue. Global retail presence. No VC funding needed (family-owned, 100+ yrs). Strong but low media profile."
22,Medisana,Germany,"Global (Europe primary, Americas, Asia via Amazon/Walmart)","Wrist BP monitors, connected health, wellness devices","Medisana's wrist BP monitors (BW series) are core to its home health portfolio. Wrist devices are inherently inaccurate due to improper positioning — the wrist must be at heart level for valid readings, and 80%+ of home users position incorrectly, creating false hypertension/normotension readings and regulatory compliance risk.",3,"~$22M revenue (RocketReach estimate, ~108 employees); private GmbH, no recent funding rounds. Taken private in 2016.",2,https://www.medisana.com,"B2C ecommerce (own site + Amazon, Walmart marketplace)","MEDICA 2025 trade fair announcement (Oct 2025, medisana.com blog) — trade press only, no WSJ/Bloomberg/TC/Reuters coverage in last 6 months.",1,8,"Filter VERIFIED: Private (post-public, mature). Global sales confirmed (Amazon DE/US, Walmart). Not on exclusion list. Low media visibility but established European home-health brand. Wrist BP is primary category."
23,Rossmax International,Taiwan (Swiss-designed products),"Global (Taiwan, Asia, Middle East, Africa, Europe, Americas)","Wrist BP monitors, pulse oximeters, thermometers, nebulizers, glucose meters","Rossmax's wrist BP monitors (S150, BQ705 series) with Smart Sense Technology are a core product line. Wrist-based measurement is inherently flawed — readings vary dramatically with wrist height relative to heart. The 'Smart Sense' air control can't compensate for positional errors, creating false assurance and clinical risk.",3,"TWD 3,799.56M (~$115M USD) revenue FY2025. Net loss TWD 29.9M. Public company — no funding rounds.",2,https://www.rossmax.com,"B2B distribution + B2C via regional ecommerce partners (Amazon EG, Flipkart, Pharmazone)","Full-year FY2025 earnings report on MarketScreener, Feb 23, 2026. Also has stock data pages on Bloomberg and WSJ (data only, not editorial). Trade press coverage only.",2,8,"Filter VERIFIED: Public (4121.TWO). Global sales confirmed (Taiwan, EMEA, Americas, Asia). Not on exclusion list. Small public company with declining revenue (-1.3% YoY). Swiss design positioning but Taiwan-headquartered. Low web presence."
24,HoMedics (FKA Brands subsidiary),United States,"Global (US primary, UK, Europe via Amazon/Walmart/Target)","Wrist BP monitors, massage devices, wellness products, home health",HoMedics wrist BP monitors ($29.99 price point) are positioned as entry-level consumer health devices. The ultra-low price drives volume but amplifies the wrist-inaccuracy problem: budget-conscious consumers get misleading readings from improper wrist positioning. Smart Measure Technology cannot fix the fundamental hydrostatic pressure error from wrist-height variation vs. heart level.,3,"Private (FKA Brands). Estimated $100-500M revenue across all brands. HoMedics is the flagship brand. No public funding data. Mature private company, no VC rounds.",2,https://www.homedics.com,"B2C ecommerce (own site + Amazon, Walmart, Target marketplace)","No WSJ/Bloomberg/TC/Reuters editorial coverage found in last 6 months. Consumer product reviews on trade sites (Walmart, Amazon listings). Low media profile for private company. Score 1.",1,8,"Filter VERIFIED: Private (mature, >$100M revenue). Global sales confirmed (US, UK sites, Amazon global). Not on exclusion list. Budget price positioning ($29.99 wrist BP) suggests low margins. Strong US retail distribution (Walmart, Target). Wellness brand more than medical brand — accuracy concerns particularly acute at this price tier."
25,FORA Care / TaiDoc Technology,Taiwan,"Global (Europe primary revenue source; also Americas, Middle East, Asia)","Wrist BP monitors, blood glucose meters, chronic disease management, telehealth","FORA's integrated chronic-care platform (BP + glucose + telehealth) makes wrist BP accuracy critical — the system's clinical decisions depend on BP data. If the wrist monitor produces false readings (which it does without perfect positioning), the entire telehealth platform's clinical value is undermined. FORA's AVG technology (averaging 3 readings) is a workaround, not a solution to the fundamental hydrostatic error problem.",3,"TWD 4,640.74M (~$140M USD) revenue FY2024. Net income TWD 1,158.77M (25% net margin — very profitable). Public company, no funding rounds. Revenue peaked at TWD 9.6B in 2022 (COVID demand), declining since.",2,https://www.taidoc.com,B2B OEM/ODM (TaiDoc) + B2B telehealth (FORA Care) + B2C via distributors,"Full-year FY2024 earnings report on MarketScreener, Mar 28, 2025. Q3 FY2025 earnings, Aug 2025. Trade press (MarketScreener/Taiwan Stock Exchange announcements). No WSJ/Bloomberg/TC/Reuters editorial coverage found.",2,8,Filter VERIFIED: Public (4736.TW). Global sales confirmed (Europe primary). Not on exclusion list. Interesting: very high net margin (25%) despite revenue decline from COVID peak. FORA Care Inc. (US subsidiary) handles Western distribution. Integrated chronic-care approach (BP + glucose) is strategically valuable but wrist BP undermines clinical credibility.
26,Geratherm Medical,Germany,"Wrist blood pressure monitors, clinical thermometers, medical devices",Consumer medical devices + professional medical technology,"Geratherm produces dedicated wrist BP monitors (active control, wristwatch model) as a core consumer product line alongside thermometers; wrist-worn design is central to their portable BP monitoring strategy",3,PUBLIC (Frankfurt GME.DE). FY2024 revenue ~EUR 22M ($21.6M per PitchBook). 1H 2025 revenue EUR 8.0M. Small-cap micro company.,2,https://www.geratherm.com,"Corporate site with product catalog; sold via pharmacies, retail, and online shops",Geratherm Medical AG acquires stake in oooxygen Health GmbH (January 2026) - expansion into muscle/joint pain treatment; covered by EQS News and finanznachrichten,2,8,"FILTER PASS: Public company (Frankfurt GME.DE, Xetra). Very small public company (~EUR 22M revenue). Announced segment change from Scale to Open Market Basic Board in April 2026. Consumer products (thermometers, BP monitors) are largest division. Recently diversifying through acquisitions (oooxygen Health Jan 2026)."
27,Terraillon,France,France + EU (French brand with international distribution),"Wrist BP + connected health devices (scales, sleep sensors, thermometers)","Terraillon's Tensio Poignet is a connected wrist blood pressure monitor that syncs with their MyHealth app. As a French consumer wellness brand positioned in connected health, wrist BP is part of their ecosystem strategy. The wrist form factor aligns with their brand image of accessible, modern health devices for everyday consumers. Without a wrist BP, their connected health portfolio would have a gap vs. Withings and other French competitors.",3,"PRIVATE French company, founded 1908. Acquired by Fook Tin Technologies (Hong Kong private) in 2002. Revenue: ~$16.4M (RocketReach), 39 employees. Capital social: €3.2M. NO evidence of Series B+ funding. Company is a legacy consumer brand, not VC-backed.",2,https://www.terraillon.com,"B2C via terraillon.com, Amazon, and French retail/pharmacy chains. D2C connected health ecosystem with MyHealth app. Also sells in Hong Kong (Fortress) and Mexico.",Terraillon becomes official Wellness and Health partner of Cross Le Figaro 2025 (October 2025 press release on terraillon.com). No major international business press coverage (WSJ/Bloomberg/TC/Reuters).,2,8,FILTER FAIL: Private company with no Series B+ funding. Small revenue ($16.4M). Legacy French consumer brand (116 years old) owned by Hong Kong private group. Connected health positioning is interesting but company is too small. Tensio Poignet wrist BP with MyHealth app is their connected play. Cross Le Figaro partnership shows brand activation.
28,YHE / BP Doctor,China,Global market,Wrist BP Monitor (inflatable cuff smartwatch),"Inflatable wrist cuff; wrong size = inaccurate BP measurement, potential health risk from false readings",3,No VC funding raised (Tracxn confirms). Crowdfunding only (~HK$199K). Source: https://tracxn.com/d/companies/yhe-technology/__n26OHMiWbO0xPLRNnGtdtgr2KLc3XtFaTwbgS9FRVLQ,1,https://www.yhetechs.com,D2C (crowdfunding + direct sales),This smartwatch can monitor blood pressure but it's not for everyone — ZDNET — Nov 2025 — https://www.zdnet.com/article/this-smartwatch-can-monitor-your-blood-pressure-but-its-not-for-everyone-heres-why/,2,7,FILTER FAILED: No VC funding (crowdfunding only). Series A and below. Exclude.
29,LiveMetric,US,Global market,"Wrist BP Monitor (cuffless continuous, nano-sensor)","Nano-sensor array over radial artery; wrong band size = sensor misplacement = no waveform capture, device nonfunctional",3,Venture-backed (PitchBook profile). Specific round/amount unclear. FDA 510(k) cleared. Needs verification. Source: https://pitchbook.com/profiles/company/268593-67,1,https://livemetric.com,B2B platform (clinical/medical),FDA clears LiveMetric's smartwatch-like cuffless blood pressure sensor — FierceBiotech — Jul 2022 — https://www.fiercebiotech.com/medtech/fda-clears-livemetrics-smartwatch-cuffless-blood-pressure-sensor,2,7,Needs verification: funding stage unclear. FDA cleared but limited public funding data. Flag as 'Needs verification' for Series B status.
30,CardiacSense,Israel,Global market,"Medical Watch (ECG, PPG, SpO₂, BP, arrhythmia)",Medical-grade wrist ECG/PPG for arrhythmia detection; wrong fit = poor electrode/sensor contact = missed cardiac events,3,Total raised ~$24.4M. Recent round ~$1-5M. Valuation dropped 85%. Source: https://techtime.news/2025/07/04/cardiacsense/,1,https://cardiacsense.com,B2B platform (medical/clinical),"Garmin, Coros Settle CardiacSense Patent War Over Smartwatch Heart Tech — the5krunner — Nov 2025 — https://the5krunner.com/2025/11/13/garmin-coros-cardiacsense-patent-settlement-smartwatch-heart-tech/",2,7,"FILTER FAILED: Early stage. Recent round only $1-5M, valuation down 85%. Likely Series A equivalent. Exclude."
31,Valencell,US,Global market,Wrist Biometric Sensor Tech (OEM/licensing for BP),"Cuffless BP sensor tech integrated into wrist devices; wrong band size = PPG sensor misalignment = inaccurate BP algorithm output, OEM liability",3,Series C ~$7M+. Total raised ~$13M+ (since 2006). Revenue est. <$10M. Source: https://www.newsobserver.com/news/business/article10334444.html,1,https://valencell.com,B2B platform (OEM licensing),Valencell shows off 'world's first' cuffless blood pressure sensor — Wareable — https://www.wareable.com/health-and-wellbeing/valencell-shows-off-world-s-first-cuffless-blood-pressure-sensor,2,7,"Passed (borderline). Series C technically passes but small rounds. OEM model means they license tech, not sell devices directly. Unique B2B play."
32,Citizen Systems Japan (Citizen Watch subsidiary),Japan,"Global (Japan, Asia, worldwide via Citizen Watch distribution in 140+ countries)","Wrist BP monitors, thermometers, body composition monitors, healthcare devices","Citizen's CH-657F/CH-650F wrist blood pressure monitors leverage the brand's precision engineering heritage. However, wrist-based measurement fundamentally fails without perfect positioning — wrist must be exactly at heart level. Citizen's consumer watch brand equity masks the clinical accuracy gap: users trust 'Citizen precision' but get clinically unreliable readings.",3,"Subsidiary of Citizen Watch (TYO:7762, ~$2.5B annual revenue). CSJ individual revenue undisclosed but modest — healthcare is a small segment vs. watches/printers. No independent funding.",2,https://csj.citizen.co.jp/en,"B2B distribution + B2C retail (electronics stores, Amazon Japan)",No WSJ/Bloomberg/TC/Reuters coverage found for Citizen Systems healthcare in last 6 months. Parent Citizen Watch has watch-industry coverage only. No healthcare-specific media mentions found.,1,7,Filter VERIFIED: Subsidiary of public company (TSE:7762). Global sales via Citizen's 140-country network. Not on exclusion list. Healthcare is a minor segment for Citizen Watch (watches & printers dominate). Wrist BP devices are legacy products with minimal innovation investment. Low independent visibility.
33,Transtek Medical / Lifesense,China,"Global (China, Europe, Americas, Asia — OEM/ODM for international brands + own Lifesense brand)","Wrist BP monitors, RPM, medical wearables, smart scales, hearing aids","Transtek is the world's largest OEM/ODM manufacturer of wrist blood pressure monitors — if their reference designs have positioning-error problems, the entire supply chain is compromised. As the primary manufacturer for many international brands, Transtek's wrist BP accuracy validation (or lack thereof) propagates to dozens of downstream brands. The B2B OEM model means end-user complaints don't reach Transtek directly, reducing incentive to innovate beyond cuff-based measurement.",3,RMB 984M (~$135M USD) revenue FY2024 (+11.28% YoY). Net profit RMB 61.36M (+78.55% YoY). Public company on SZSE. IPO'd November 2016.,2,https://www.transtekcorp.com,B2B OEM/ODM (primary) + B2C via Lifesense brand on Amazon/retail,"2024 Annual Results press release on PRLog/Digital Journal (Apr 28-29, 2025). Trade-level distribution only. No WSJ/Bloomberg/TC/Reuters editorial coverage. Reuters has stock data page (data only).",1,7,Filter VERIFIED: Public (300562.SZ). Global sales confirmed (OEM/ODM for international brands + FDA-cleared devices). Not on exclusion list. Key insight: Transtek is the MANUFACTURER behind many Western brands' wrist BP monitors — the OEM supply chain choke point. Understanding their design decisions reveals systemic wrist-BP accuracy issues across the industry. Strong growth trajectory.
34,Sejoy Biomedical,China,"Wrist blood pressure monitors, blood glucose meters, uric acid meters, hemoglobin meters",Home-care in-vitro diagnostic and monitoring devices,Sejoy produces dedicated wrist BP monitors sold DTC through sejoystore.com and Amazon; wrist form factor is positioned as the convenient alternative to upper-arm cuffs for home users,3,"Private, no known VC funding. Alibaba profile lists annual revenue ~$13.3M. Founded 2002. ODM/OEM manufacturer with own DTC brand.",2,https://www.sejoy.com,DTC e-commerce (sejoystore.com) + Amazon marketplace + Alibaba B2B,"Mentioned in market research reports on Latin America automated home BP monitors market alongside Omron, A&D, Microlife, Nissei, Bosch+Sohn",1,7,"FILTER FAIL: Private company with no known VC funding (not Series B+). Founded 2002 in Hangzhou. Primarily ODM/OEM manufacturer of IVD products (COVID-19 tests, blood glucose, etc.). Wrist BP is one of many product lines. DTC brand 'Sejoy' on Amazon with mixed reviews. 20+ years in manufacturing, but limited brand value or innovation differentiation."
35,Kinetik Wellbeing,United Kingdom,"UK + international (New Zealand via St John Ambulance partnership, select EU markets)","Wrist BP monitors + home health devices (thermometers, oximeters, blood glucose)","Kinetik Wellbeing is the UK's largest independent medical device company for home use. They sell a Smart All-In-One Blood Pressure Monitor with wrist-cuff design sold at Boots and other pharmacies. As a home health brand competing with Omron and Braun in UK retail, wrist BP is a mandatory form factor. Their partnership with Blood Pressure UK and NHS reinforces clinical credibility but also means they must offer the full range of form factors (arm + wrist) that consumers expect.",3,"PRIVATE UK company, founded 2006. 11-50 employees (LinkedIn). NO evidence of Series A/B/C funding on Crunchbase, CB Insights, or other platforms. Revenue not publicly disclosed; estimated <£10M based on company size. NHS supplier and Boots/Argos retail presence suggests moderate revenue but well below $100M threshold.",1,https://kinetikwellbeing.com,"B2C retail via Boots, Argos, Amazon UK, Well Pharmacy, and own website. NHS supplier. Partnership with Blood Pressure UK and Diabetes UK. B2B via St John Ambulance NZ.","Kinetik Wellbeing working with NHS's Monitor My Health to provide test kits (EMR Industry, May 2026). Smart Blood Pressure Monitor featured in Daily Mail video. 'Which? Best Buy' award for BP monitor.",2,7,FILTER FAIL: Private company with no evidence of Series B+ funding. Small UK company (11-50 employees). NHS partnership and 'Which? Best Buy' award give some trade media credibility. Wrist-cuff all-in-one design is innovative but company is too small for B2B enterprise consideration. Include for completeness.
36,LAICA S.p.A.,Italy,Italy + EU + international (distributed in multiple countries under LAICA brand),Wrist BP monitors + home health/filtration/kitchen appliances,"LAICA produces both arm and wrist blood pressure monitors for home use. As a consumer health/wellness brand with distribution across European pharmacies and retail, wrist BP is a core SKU. Their product line includes fully automatic wrist monitors positioned for easy home use. LAICA must offer wrist BP to maintain shelf space in European pharmacy chains against competitors like Omron, Beurer, and Braun.",3,"PRIVATE Italian company, but acquired by Strix Group PLC (LON:KETL), a publicly traded UK company. Strix Group FY2024 total revenue: ~£144M. LAICA sits within Strix's Consumer Goods division. LAICA's standalone revenue estimated $50-100M range based on division contribution. LAICA publishes integrated ESG reports (FY2024). Strix market cap data available on FT.",2,https://www.laica.com,"B2C retail via European pharmacies, Amazon, and laica.com. B2B distribution. Product range spans health devices, water filtration, kitchen appliances, and baby products.",No significant media coverage found in last 6 months from major outlets or trade publications. Strix Group's FY2024 results (April 2025) mention LAICA as Consumer Goods center of excellence. LAICA published integrated ESG report for FY2024.,1,7,"FILTER EDGE CASE: LAICA is private but owned by Strix Group PLC (public, LON:KETL). This provides public-company backing. Revenue estimated $50-100M (score 2). Low media visibility despite being part of public company. Wrist BP is one of many product categories (not core focus). Italian brand with EU distribution."
37,American Diagnostic Corp / ADC,USA,"Wrist BP monitors + professional diagnostic instruments (stethoscopes, thermometers, EENT)",Wrist Blood Pressure Monitor,ADC sells wrist BP monitors (model 6015N) as part of home diagnostic line,3,"Est. $14.8M–$20.3M annual revenue; ~42–50 employees. Privately held, no VC funding, no institutional rounds.",2,https://www.adctoday.com,B2B distributor network + some DTC via Amazon/Walmart,No major media coverage found. Only product listings and trade directory profiles.,1,7,"FILTER FAIL: Private US company, not public, no Series B+. No VC/PE backing. Founded ~1984. Core business is professional diagnostic instruments; wrist BP is a minor SKU. Low web traffic. No recent media coverage beyond product listings."
38,Greater Goods,USA,"Connected wrist BP + upper arm BP monitors (Bluetooth/app), consumer health devices",Connected Wrist Blood Pressure Monitor,Greater Goods sells a connected wrist BP monitor with Bluetooth/app tracking; wrist form factor is core to their 'smart' positioning,3,"Est. ~$5.6M annual revenue; ~56–60 employees. Privately held, bootstrapped. No VC funding found.",1,https://www.greatergoods.com,DTC via own site + Amazon marketplace,"NYT Wirecutter 'Best Blood Pressure Monitors for Home Use in 2026' — Greater Goods named Runner-up (Feb 25, 2026)",2,7,"FILTER FAIL: Private US company, not public, no Series B+. Bootstrapped. Strong consumer product reviews (Wirecutter 5x picks including 2026) but no institutional business/financial media coverage (no WSJ/Bloomberg/TC/Reuters). Wirecutter is trade/consumer review, not financial press."
39,CA-MI,Italy,"Wrist BP monitors + electromedical equipment (nebulizers, aspirators, pulse oximeters) for home-care",Wrist Blood Pressure Monitor,CA-MI manufactures wrist BP monitors as part of its home-care electromedical device portfolio,3,Acquired by Protect Medical Holding (Borromin PE-backed) in September 2025. Pre-acquisition revenue undisclosed; estimated small-to-mid Italian manufacturer. Founded 1984.,1,https://www.ca-mi.eu,"B2B distributor to pharmacies, hospitals, drugstores across Europe","Press release: 'CA-MI becomes part of the Protect Medical Group' — Borromin/Pax-Bags, Oct 23, 2025 (trade/PE acquisition news)",2,7,"FILTER FAIL: Acquired by PE-backed Protect Medical (Borromin funds) — not public, not independently Series B+. Parent is PE portfolio company, not publicly traded. Wrist BP is one of many electromedical SKUs. Trade-level press only (acquisition announcement)."
40,B.Well Swiss,Switzerland,"Wrist BP monitors + home health devices (nebulizers, thermometers, personal care)",Wrist Blood Pressure Monitor,"B.Well Swiss sells wrist BP monitors (e.g., PRO-39 model) positioned for home health monitoring",3,Est. ~$202K annual revenue; ~18 employees. Swiss AG (stock corporation) with CHF 100K capital. Extremely small. No VC funding.,1,https://www.bwell-swiss.ch,B2B distribution + retail via Carrefour UAE and European pharmacy chains,"Company news: B.Well Swiss participation at MEDICA 2025 Düsseldorf trade fair, Nov 17–20, 2025 (trade show announcement on own site)",2,7,"FILTER FAIL: Swiss private company, not public, no Series B+. Micro-cap (~$202K revenue, 18 employees). ISO 13485 certified, MDR compliant. Extremely low web presence. MEDICA trade show is industry event, not financial press coverage."
41,Medel International,Italy,"Wrist BP monitors + respiratory/nebulizer devices, thermometers, baby scales",Wrist Blood Pressure Monitor,Medel sells blood pressure monitors including wrist models under Medel and ActiveAction brands for home health,3,"Est. ~$24.4M annual revenue; ~70 employees. Subsidiary of Beurer GmbH (private German health/wellness company, founded 1919) since 2016. Beurer revenue ~€300M+ (2023).",2,https://www.medelinternational.com,B2B via distributors and pharmacy chains in 70+ countries globally,No independent media coverage found. Parent Beurer GmbH has trade press coverage but not WSJ/Bloomberg/TC/Reuters level.,1,7,"FILTER FAIL: Wholly-owned subsidiary of Beurer GmbH (private German family-owned company). Not public, not Series B+. Beurer is a large private company (~€300M revenue) but not publicly traded. Medel brand present in 70+ countries — legitimate global sales. Best-funded of batch via parent, but still not public/Series B+."
42,Corsano Health,Netherlands,Global market,Medical Watch (CardioWatch 287 multi-sensor),"Multi-sensor medical bracelet for 19 vital parameters; wrong fit = all sensors compromised, clinical trial data invalid",3,Private. No public VC rounds found. Revenue not disclosed. EU MDR + FDA cleared. Needs verification. Source: https://corsano.com/,1,https://corsano.com,"B2B platform (clinical trials, research)",Corsano Health CardioWatch 287-2 receives EU MDR certification — greenteg — https://www.greenteg.com/en/news-event/cardio-watch-287-2-from-corsano-health-gets-eu-mdr-certified,1,6,Needs verification: no public funding data. EU MDR + FDA cleared but unclear if Series B+. Flag as 'Needs verification'.
43,Viatom / Wellue,China,"Wrist health monitoring, BP, ECG, SpO₂",Consumer medical wearables,"Core product line includes wrist-worn oximeters (Checkme O2, O2Ring) and wrist BP monitors; wrist form factor central to their portable health monitoring value proposition",3,"No VC funding raised (bootstrapped/self-funded per Tracxn). Revenue undisclosed, early-stage consumer sales via Amazon and DTC.",1,https://getwellue.com,DTC e-commerce (getwellue.com) + Amazon marketplace,Wellue O2Ring review on YouTube tech channels and Amazon listings; no major business press coverage found,1,6,FILTER FAIL: Private company with no VC funding (not Series B+). Two brands: Viatom (B2B/OEM) and Wellue (DTC). Founded 2013 in Shenzhen. FDA-cleared Checkme Pro and O2Ring. No institutional funding found. Revenue likely sub-$10M.
44,ChoiceMMed (Beijing Choice Electronic Technology),China,"Wrist blood pressure monitors, pulse oximeters, homecare medical devices",Consumer home healthcare devices,ChoiceMMed produces wrist BP monitors (MDBP203) and wrist pulse oximeters (MD300W) as key portable monitoring products; wrist form factor targets home users and ambulatory patients seeking convenient vital signs tracking,3,"Private, Series A. $16M total funding raised (per Tracxn). Founded 1993. Revenue undisclosed but likely $10-30M based on funding stage and market presence.",1,https://www.choicemmed.com,B2B/OEM corporate site + Amazon marketplace for consumer products,ChoiceMMed profile on Tracxn (June 2025) noting $16M Series A funding; listed on Crunchbase and CBInsights as medical device company,1,6,FILTER FAIL: Private company at Series A stage (not Series B+). Founded 1993 in Beijing. Strong in pulse oximetry segment with wide product range. Wrist BP models (MDBP203) and wrist pulse-ox (MD300W). 26+ years in medical diagnostics. Limited brand visibility outside China and trade channels. No major media coverage.
45,"Jumper Medical (Shenzhen Jumper Medical Equipment Co., Ltd.)",China,"Global (exports via Alibaba, FCC certified for US, present in Bangladesh and other markets)",Wrist BP + maternal/child healthcare devices + home vitals,"Jumper offers the HWA21 wrist blood pressure monitor as part of its home medical device lineup. As a Chinese OEM/ODM manufacturer competing in the global BP monitor market, wrist BP is a mandatory SKU to serve retailer/distributor demand for lower-cost alternatives to Omron. They also sell via Alibaba/Aliexpress globally.",3,"PRIVATE company, founded 1998. NO evidence of Series A/B/C funding rounds found on Crunchbase, PitchBook, Dealroom, or Tracxn. Revenue not publicly disclosed; estimated $10M-$50M based on employee count and Alibaba presence. NOT meeting Public or Series B+ filter.",1,https://www.jumper-medical.com / https://jumpermmed.com,"B2B wholesale/OEM/ODM manufacturing. Sells via Alibaba, AliExpress. Also supplies 700+ Chinese hospitals.",No significant media coverage found in last 6 months. No WSJ/Bloomberg/TC/Reuters or trade publication mentions. FCC certification filings are the only public regulatory documents.,1,6,"FILTER FAIL: Private company with no evidence of Series B+ funding. Founded 1998, mature but small/mid-sized Chinese OEM. Primarily a contract manufacturer for maternal/child devices with BP monitors as a secondary line. Low priority due to filter failure and low scores across all dimensions. Include for completeness but flag as below threshold."
46,Uebe Medical GmbH (Visomat),Germany,Germany + EU (primarily DACH region),Wrist BP monitors (visomat Handy) + arm BP monitors + thermometers,"Visomat Handy is Uebe Medical's wrist blood pressure monitor, sold through German pharmacies and Amazon.de. As a dedicated blood pressure monitor manufacturer in the German market, offering a wrist model is mandatory to compete with Omron, Beurer, and Braun in the pharmacy channel. German consumers expect both form factors, and the 'Handy' (German for 'handy/convenient') branding explicitly positions it for portability and ease of use.",3,"PRIVATE German GmbH, founded 1920s. ~8 employees (RocketReach). Revenue not publicly disclosed; estimated <€5M based on company size. North Data shows financials available only to premium subscribers. NO evidence of Series B+ funding. Very small, traditional family-owned German medical device manufacturer.",1,https://www.uebe.com / https://www.visomat.de,B2B distribution via German/Austrian pharmacies (Apotheke). B2C via Amazon.de. visomat blood pressure diary app for patient engagement.,"No significant media coverage found in last 6 months from any major outlet or trade publication. Product listings on pharmacy sites (Apohealth, shop-apotheke) and price comparison sites (Geizhals, guenstiger.de). Testbericht.de product reviews. No press releases or news articles.",1,6,"FILTER FAIL: Private company with no Series B+ funding. ~8 employees, estimated <€5M revenue. Very small traditional German medical device company. visomat brand has legacy recognition in German pharmacies but minimal growth or innovation signals. visomat Handy wrist BP is a basic commodity product. Below all thresholds for B2B consideration."
47,Veridian Healthcare,USA,"Wrist BP monitors + home diagnostic equipment (thermometers, pulse oximeters, nebulizers)",Wrist Blood Pressure Monitor,Veridian sells SmartHeart Automatic Wrist Blood Pressure Monitor as part of home diagnostic line,3,Est. ~$6.4M annual revenue; ~50–56 employees. Privately held since founding in 2009. No VC funding.,1,https://www.veridianhealthcare.com,"B2B distributor to medical equipment dealers + retail via Walgreens, Walmart, Amazon","Bloomberg company profile page exists (directory listing only, not editorial coverage). No substantive media mentions found.",1,6,"FILTER FAIL: Private US company, not public, no Series B+. Small revenue (~$6.4M). Importer/distributor model, not manufacturer. No meaningful media coverage; Bloomberg profile is automated directory listing only. Declining web traffic."
48,Vive Health,USA,"Wrist BP monitors + durable medical equipment (walkers, rollators, mobility aids)",Wrist Blood Pressure Monitor,Vive sells Vive Precision Smart Wrist Blood Pressure Monitor with app tracking as part of DME portfolio,3,"Raised $3.65M total (seed round). Investors: MrPink VC, Fresh Ventures, Green Egg Ventures, Pareto Holdings. Revenue undisclosed but estimated modest given seed stage.",1,https://www.vivehealth.com,"DTC via own site + Amazon marketplace. Manufactures own products, cuts out middleman.","Product review on epilepsy matters blog (Jun 12, 2026) — 'Vive Precision Smart Wrist Blood Pressure Monitor Review 2026'. No major financial press coverage.",1,6,"FILTER FAIL: Private US company. Raised only $3.65M — seed/early stage, not Series B+. Not public. Revenue likely <$15M. Wrist BP is one of many DME SKUs. No major media coverage (no WSJ/Bloomberg/TC/Reuters)."
49,Scala Electronic GmbH,Germany,"Wrist BP monitors + thermometers, home diagnostic devices",Wrist Blood Pressure Monitor,Scala manufactures wrist BP monitors (model SC6027) for home-use blood pressure measurement,3,Revenue undisclosed. Small private German GmbH headquartered in Stahnsdorf. No VC funding. Estimated <$5M revenue based on company profile.,1,https://www.scala-electronic.de,"B2B via medical equipment distributors, some DTC via own shop",No media coverage found. Only product listings on MedicalExpo and Europages directories.,1,6,"FILTER FAIL: Private German GmbH, not public, no Series B+. Small niche manufacturer focused on German-speaking market. No media presence. Products listed on B2B directories only."
50,Diagnosis S.A. (listed as 'Diagnostic S.A.'),Poland,"Wrist BP monitors + medical devices, diagnostic tests, dietary supplements",Wrist Blood Pressure Monitor,Diagnosis S.A. sells Diagnostic brand automatic wrist blood pressure monitors as part of home medical device portfolio,3,"Net sales decreased 5.75% in 2024. Total assets growth 1.13%. Share capital: 603,000 PLN (~$150K). Small private Polish joint-stock company (SA). ~11-50 employees. Revenue estimated <$5M.",1,https://www.diagnosis.pl,B2B + own e-shop diagnosis24.pl. OEM/ODM manufacturing for other brands.,No media coverage found. Mentioned in market research reports on automatic BP meter market (LinkedIn trade analysis).,1,6,FILTER FAIL: Private Polish SA (joint-stock but not publicly listed). Not Series B+. Declining sales (-5.75% in 2024). Very small capital base. NOTE: Company name is 'Diagnosis S.A.' (not 'Diagnostic S.A.' as listed in batch). Offers OEM/ODM manufacturing. No significant media coverage.
