"#","Company name","HQ country","Market","Segment","Why wrist = must","Pain Score","Funding / revenue","Funding score","Website","E-com type","Last media mention = title + source link with anchor","Coverage score","Priority score","Notes / flags"
"1","Andon Health Co., Ltd. (iHealth)","China","Global (iHealth brand strong in US market, China domestic, international)","Connected wrist BP + home health electronics (glucose, thermometer, oximeter, ECG, smart watches)","Standard upper arm cuff fits 8.7–16.5 in (one-size-fits-most); no customization needed for most adults. No wrist-based continuous monitoring available.","1","PUBLIC on Shenzhen Stock Exchange (002432.SZ). FY2024 semi-annual revenue: RMB 1.351B. Median annual revenue (2020-2024): ~RMB 2.592B (~$360M). Peak revenue during COVID (2022): ~$24B from iHealth test kits. Q3 2024 revenue: RMB 741M (+60.32% YoY). Market cap data available on Bloomberg, Reuters. Total assets: ~RMB 28.98B in latest quarter.","3","https://www.ihealthlabs.com / https://www.andonhealth.com","D2C","iHealth 3-in-1 Flu A&B/COVID-19 Test wins Silver in Best New Healthcare Product — Best in Biz Awards — healthnewswire.com — Jan 8, 2025","3","7","FILTER PASS: Public (002432.SZ). Strong US brand recognition via iHealth. Revenue recovering post-COVID test kit windfall, diversifying back to core device business. Acquired full control of iHealth in 2025. Connected health ecosystem play. Very strong priority due to public listing, major media coverage, and established US retail distribution."
"2","OMRON Healthcare","Japan / US","Global market","Wrist BP Monitor (HeartGuide smartwatch with inflatable cuff)","Wide-range D-ring cuff fits 9–17 in (one-size-fits-most). Cuff size not critical for most users but limited selection for extreme sizes.","1","Public — OMRON Corp (TYO:6645). Healthcare segment revenue ~$1.5B+. Parent revenue ¥818B (~$5.5B). Source: https://www.omron.com/global/en/","3","https://omronhealthcare.com","B2C retail","OMRON Healthcare issues Response to 2025 AHA/ACC Hypertension Guidelines — omronhealthcare.com — 2025; OMRON AFib Detection Study recruiting Connect App users","2","6","Passed. Public company, global leader in BP monitors. HeartGuide is FDA-cleared. Massive distribution."
"3","Huawei Health (Watch D / Watch D2)","China","Global market","Wrist BP Monitor (cuff-based smartwatch)","Watch D2 integrates a 26 mm inflatable airbag into the wrist strap for 24h ambulatory BP monitoring. Traditional upper arm cuffs cannot provide continuous day/night tracking. Incorrect strap positioning directly affects reading accuracy.","3","Part of Huawei Technologies — private, ~$100B+ revenue. Source: https://consumer.huawei.com","3","https://consumer.huawei.com","B2C retail","HUAWEI Watch D2 available for £349.99 — gadgetmatch.com — 2025; ixbt.com in-depth review — 2025","2","8","Passed. NOT on exclusion list. Watch D/D2 is CE medical in EU. Massive scale. Huawei has wrist BP with real inflatable cuff."
"4","Masimo","US","Global market","Medical Watch (Masimo W1)","Masimo focuses on hospital-grade NIBP monitoring via Root/Rad-97 platforms with universal cuffs. Masimo W1 consumer watch does not measure BP.","1","Public — NASDAQ: MASI. Revenue $2.09B (2024), net margin 13.6%. Source: https://en.wikipedia.org/wiki/Masimo","3","https://www.masimo.com","B2B","Masimo W1 privacy-minded smartwatch enters consumer wearable market — biotech-insider.com — 2025","2","6","Passed. Public company, $2B+ revenue. W1 is a medical watch. Global hospital presence. Strong."
"5","PAUL HARTMANN / Veroval","Germany","Wrist blood pressure monitors, medical supplies, wound care, incontinence","Home healthcare devices (Veroval brand) within diversified medical products group","Veroval offers cuffs in S, M, L sizes with Duo Control cuff position sensing. Wrong cuff size can cause measurement errors, but the device detects and flags improper positioning. Still requires correct sizing for accuracy.","2","PUBLIC (Stuttgart SWB:PHH2, Frankfurt). FY2025 revenue EUR 2.45B, adj. EBITDA EUR 277M. Market cap ~EUR 400M. Massive diversified medical products group.","3","https://www.veroval.info","B2C retail","Veroval duo control Blutdruckmessgerät available at pharmacies — medizinfuchs.de — 2025","2","7","FILTER PASS: Public company (listed Stuttgart/Frankfurt). Veroval is the consumer brand of PAUL HARTMANN AG. BP monitors are a small portion of a EUR 2.45B diversified medical products business. Very stable, cash-rich parent. Wrist BP products available globally including EU, Middle East, Asia."
"6","Medline Industries","United States","Wrist blood pressure monitors, medical-surgical supplies, healthcare products","Medical supplies distribution + manufacturing (BP monitors as small fraction)","Medline supplies hospitals with universal BP cuffs in multiple sizes. Standard one-size-fits-most cuffs for clinical use; sizing available in ranges but no consumer-grade wrist wearable.","1","Private (PE-backed: Blackstone/Carlyle/Hellman & Friedman acquired majority in 2021 at $34B valuation). Annual revenue $21B+. Largest private medical supplies manufacturer/distributor in US.","3","https://www.medline.com","B2B","Medline Industries buys Namic business from AngioDynamics for $167.5M — medicaldesignandoutsourcing.com — 2025","2","6","FILTER FAIL: Private company, PE-backed (not public, not Series B+). Massive scale: $21B+ revenue, $34B valuation, 56 years of consecutive sales growth. Wrist BP is a tiny fraction of business (commodity product). The LBO by Blackstone/Carlyle/H&F in 2021 was one of the largest ever. Extensive global presence. Main interest would be as a distribution channel partner, not as a BP innovation company."
"7","Withings","France","Global market","Medical Watch (ScanWatch hybrid)","BPM Connect universal cuff fits 22–42 cm (9–17 in) — one-size-fits-all. No wrist-based continuous monitoring; only spot-check upper arm measurements.","1","Private. Est. annual revenue ~$62.5M (Growjo). Previously acquired by Nokia, then bought back. Source: https://growjo.com/company/Withings","2","https://withings.com","D2C","Withings launches Withings Medical for Medicare-eligible patients under CMS ACCESS Model — withings.com/press — Jul 9, 2026; Withings confirms full-year profitability for 2025 — Jun 30, 2026","2","5","Passed. Large private, global sales US+EU. CE medical + FDA cleared. ScanWatch is clinically validated."
"8","Braun Healthcare / Kaz (Helen of Troy subsidiary)","Germany / United States (Kaz USA HQ: Marlborough, MA; Braun brand licensed from P&G; Kaz Europe Sàrl in Switzerland)","Global (US, Europe, Asia, Middle East)","Wrist BP monitors, thermometers (ThermoScan), nebulizers, healthcare devices","ExactFit 1E comes with universal cuff 8.6–16.5 in but manual advises selecting S/M or L/XL for best fit. Wrong cuff size can lead to inaccurate readings.","2","Parent Helen of Troy: $1.9B annual revenue (FY2025). Health & Home segment (includes Braun/Kaz): ~$700M+. Kaz acquired for $260M in 2010. No separate funding for Braun Healthcare.","3","https://www.braunhealthcare.com","B2C retail","B. Braun (parent) switches to 100% renewable electricity for all U.S. operations — bbraunusa.com — May 4, 2026","2","7","Filter VERIFIED: Subsidiary of public company (NASDAQ:HELE). Global sales confirmed. Not on exclusion list. Highest priority score in batch (10). Strong brand equity (Braun) but wrist BP accuracy concerns are magnified by medical-brand trust. Brand is licensed, not owned — P&G retains Braun trademark ownership. Parent HELE under activist investor pressure in 2025-2026."
"9","Lepu Medical Technology","China","Global (China primary, worldwide distribution in 100+ countries)","Wrist BP monitors, ECG, SpO₂, interventional cardiology devices, cardiovascular solutions","Armfit BP2 offers integrated BP + ECG with standard upper arm cuff. Available through B2B channels and AliExpress. No wrist-worn continuous BP product.","2","CNY 6.48B (~$890M USD) revenue FY2025 (+6.22% YoY). CNY 6.10B revenue FY2024 (-23.52% YoY decline). Public company. Major player in Chinese medical devices. Revenue peaked at ~$1.5B in 2022.","3","https://en.lepumedical.com","B2B platform","Lepu Armfit BP2 Smart Blood Pressure and ECG Monitor available — creative-sz.com — 2025","2","7","Filter VERIFIED: Public (300003.SZ). Global sales confirmed (100+ countries). Not on exclusion list. Highest priority score (10). Key concern: Lepu is a cardiovascular INTERVENTION company also selling consumer BP monitors — the clinical-to-consumer trust transfer creates unique liability. Major revenue decline in 2024 (-23.5%) suggests business challenges. Deep brain stimulation device pending approval could shift focus away from consumer wearables."
"10","Yuwell Medical (Jiangsu Yuyue Medical Equipment & Supply)","China","Global (China HQ, EU presence via yuwell-eu.com, Middle East, SE Asia)","Wrist BP + home medical devices (respiratory, CGM, wearables)","Yuwell BP monitors feature smart inflation cuffs and WHO classification. Upper arm design fits most adults; sold primarily via Amazon. No wrist-based wearable for continuous monitoring.","1","PUBLIC on Shenzhen Stock Exchange (002223.SZ). FY2023 revenue: RMB 7.972B (~$1.1B). FY2024 total assets: RMB 15.65B. Market cap: ~RMB 25.64B (~$3.5B). Dividend: RMB 4.00 per 10 shares (RMB 801.8M total).","3","https://www.yuwell.com","B2C retail","Yuwell blood pressure monitors available on Amazon store — amazon.com/stores/Yuwell — 2025","2","6","FILTER PASS: Public (002223.SZ). $1B+ revenue, market leader in China home medical devices. CES 2026 debut signals aggressive global/US expansion. Wrist BP is part of larger ecosystem play. AI-powered wearable ecosystem. Strategic partnership with Inogen (respiratory). CFA Team China official partner."
"11","Aktiia / Hilo","Switzerland","Global market","Wrist BP Monitor (cuffless continuous)","Hilo is a cuffless optical wrist band that measures BP 25×/day via PPG + monthly cuff calibration. Traditional cuffs cannot provide continuous readings; wrong cuff sizing = inaccurate data.","3","Series B $42M (May 2025), total >$100M. Rebranded to Hilo. Source: https://hilo.com/en-eu/blogs/pre/hilo-42m-series-b-rebrand","3","https://hilo.com / https://aktiia.com","D2C","FDA clears first OTC cuffless blood pressure wearable — Hilo band by Aktiia — fiercebiotech.com — Jul 9, 2025; WIRED review — Feb 27, 2026","2","8","Passed. Series B+, FDA cleared, global (EU CE marked + US FDA). Strong contender."
"12","Empatica","US / Italy","Global market","Medical Watch (EmbracePlus, EpiMonitor for epilepsy)","Empatica's EmbracePlus wristband monitors pulse rate, respiratory rate, electrodermal activity, sleep, motion — but does NOT measure blood pressure. Not applicable for BP cuff sizing pain.","1","Series B (2022). Total raised $30.9M over 5 rounds. FDA cleared. Source: https://tracxn.com/d/companies/empatica/__CaWxYxntKLZ4Ve4E71ZJMxMUGeNvlpuWKSNs4loXHn8/funding-and-investors","2","https://www.empatica.com","B2B","Empatica receives FDA clearance for cardiac digital biomarkers (pulse + respiratory rate) — clinlabint.com — 2025; EmbraceMini actigraphy wearable launched Jun 2025","2","5","Passed. Series B, FDA cleared, global (US, UK, EU, AU, NZ, CA). EpiMonitor is life-critical seizure detection."
"13","iHealth Labs","US / China","Global market","Wrist BP Monitor + RPM devices","Standard upper arm cuff fits 8.7–16.5 in (one-size-fits-most). No wrist-based continuous monitoring available.","1","Subsidiary of Andon Health (SHE:002432), public Chinese company. Parent acquiring full 100% ownership. Source: https://www.marketscreener.com/quote/stock/ANDON-HEALTH-CO-LTD-11367151/news/Andon-Health-Moving-to-Full-Ownership-of-iHealth-Subsidiary-49042170/","3","https://ihealthlabs.com","D2C","iHealth Prime Day deals announced — ihealthlabs.com — Jun 4, 2025; iHealth 3-in-1 test wins Silver Best in Biz Awards — Jan 8, 2025","1","5","Passed. Public parent (Andon Health). US + China sales. FDA cleared BP monitors. RPM platform."
"14","A&D Medical","Japan / US","Global market","Wrist BP Monitor (consumer + clinical)","UA-611 comes with cuff for 22–32 cm arms. Separate cuff sizes may be available. Wrong size affects accuracy and comfort. No wrist-based continuous monitor.","2","Part of A&D Holon Holdings (TYO:7745), public Japanese company. Parent revenue ~¥50B. Source: https://en.wikipedia.org/wiki/A%26D_Company","3","https://www.aandd.jp (A&D) / https://medical.andonline.com","D2C","A&D Medical UA-611 Blood Pressure Monitor priced at $39.99 — medical.andonline.com — 2025","1","6","Passed. Public parent (TYO:7745). Global medical device company. Wrist BP monitors sold worldwide."
"15","Nihon Seimitsu Sokki / Nissei","Japan","Wrist blood pressure monitors, pulse oximeters, thermometers","Home healthcare devices","Nissei produces professional-grade BP monitors with various cuff size options. Primarily sold through medical distributors. Precision instruments for clinical use.","2","Private, 70+ year old company. Revenue undisclosed but listed among top global BP monitor players alongside Omron, A&D, Microlife. Estimated $50-150M.","2","https://www.nissei-kk.co.jp/english/","B2B","Nissei blood pressure monitors available through medical distributors — habdirect.com — 2025","2","6","FILTER FAIL: Private company (not public, not Series B+). Founded 1950, very established Japanese manufacturer. Supplies components to Sony, Omron, Canon, Sanyo, Seiko, Samsung. FDA 510(k) clearance for wrist BP (K080177). Global distribution but likely low on innovation/startup metrics."
"16","Bosch + Sohn / boso","Germany","Wrist and upper arm blood pressure monitors","Home healthcare devices, clinical BP monitoring","boso medicus X is Stiftung Warentest award-winning upper arm monitor. Comes with multiple cuff size options. Wrong size directly affects measurement accuracy.","2","Private family-owned German manufacturer. Revenue undisclosed but established niche player in BP monitoring. Estimated $10-50M.","2","https://www.boso.de","B2C retail","boso medicus X wins Stiftung Warentest top rating (5/2016, 11/2018, 9/2020) — medicalexpo.com","2","6","FILTER FAIL: Private company (not public, not Series B+). Founded 1965, spin-off from Bosch & Speidel. Well-respected German brand with Stiftung Warentest awards. Focused exclusively on BP monitoring and cardiovascular diagnostics. Strong European presence but limited global brand recognition."
"17","Contec Medical Systems","China","Wrist blood pressure monitors, SpO₂, ECG, patient monitoring equipment","Medical diagnostic and monitoring equipment","ABPM70 is a wearable 24h ambulatory BP monitor with detachable cuff. Designed for clinical continuous monitoring. Multiple cuff sizes available; wrong size causes inaccurate readings.","2","PUBLIC (Shenzhen 300869.SZ). FY2024 revenue CNY 479.8M (~$66M), down 35.8% YoY from CNY 747M. Market cap ~CNY 2.5B. Revenue peaked at CNY 1.4B in 2020 (COVID demand).","2","https://www.contecmed.com","B2B","Contec ABPM70 wearable ambulatory blood pressure monitoring device — contechealth.com — 2025","2","6","FILTER PASS: Public company (Shenzhen Stock Exchange 300869.SZ). Post-COVID revenue decline (from CNY 1.4B peak in 2020 to CNY 480M in 2024). Strong R&D in medical monitoring. International sales through distributors. WSJ and Reuters carry financial data. Wrist BP/pulse-ox products are key offerings alongside larger patient monitors."
"18","Pic Solution / Artsana Group","Italy","Global (Chicco brand in 120+ countries; Pic Solution primarily EU + international)","Wrist BP + home medical devices (glucometers, nebulizers, thermometers)","Pic Solution offers connected health devices (BP monitors, thermometers, scales) under Pic Connected Health, but does not manufacture a wrist-worn wearable. Their ecosystem relies on traditional cuff-based BP monitors paired with a mobile app for data sharing. No wrist-worn continuous monitoring solution available.","2","PRIVATE Italian group, founded 1946. Revenue: €1.3B (2023, per Wikipedia). Investindustrial acquired 60% stake in 2016. Estimated $1B-$5B annual revenue range (SignalHire). 2,814 employees (2023). NOT publicly traded and no Series B+ (mature family-founded conglomerate). Healthcare division (Pic Solution) is ~13% of group revenue = ~€170M.","3","https://www.picsolution.com / https://www.artsana.com","B2B","Theras Group acquisisce Pic Solution da MTD Group — Il Giornale d'Italia — https://www.ilgiornaleditalia.it/news/mondo-imprese/757633/theras-group-acquista-pic-solution-con-l-operazione-il-fatturato-passa-da-131-nel-2024-a-oltre-250-mln-target-300-mln-nel-medio-periodo.html","1","6","FILTER EDGE CASE: Private group with €1.3B revenue but not Series B+ (mature, PE-backed). Investindustrial owns 60% since 2016. Healthcare division (Pic Solution) is ~13% of group, still ~€170M. Massive distribution network via Chicco and Prenatal. Wrist BP is a small but necessary SKU in a huge portfolio. Low media visibility for medical devices specifically. Artsana Group sustainability report shows headcount reduction of 15% in 2023 (reorganization)."
"19","Biobeat","Israel","Global market","Wrist RPM Monitor (cuffless BP + vital signs)","Biobeat's primary product is a medical-grade chest patch (not wrist-worn) for 24-hour cuffless ambulatory blood pressure monitoring. A wrist-worn watch version also exists but the core differentiator is the adhesive chest patch that allows uninterrupted sleep monitoring. Cuffless design eliminates cuff sizing issues entirely.","1","Series B $50M (Jan 2026). Total funding $50M+. FDA cleared. Source: https://www.medtechdive.com/news/biobeat-raises-50m-cuffless-blood-pressure/808817/","2","https://www.bio-beat.com","B2B","Biobeat raises $50M to commercialize cuffless blood pressure monitor — Yahoo News — https://www.yahoo.com/news/articles/biobeat-raises-50m-commercialize-cuffless-035536837.html","2","5","Passed. Series B $50M. FDA cleared ABPM system. B2B clinical focus. Global (US + Israel)."
"20","Microlife","Switzerland / Taiwan","Global market","Wrist BP Monitor (consumer + clinical)","Microlife manufactures traditional upper-arm and wrist blood pressure monitors with cuffs, not continuous wrist wearables. Their devices use Gentle+ technology and Cuff Fit Check for correct positioning. Measurements are episodic (single reading), not continuous. Connected Health+ app syncs data via Bluetooth.","2","Private company. Revenue not disclosed. Global presence (Switzerland HQ, Taiwan manufacturing). Est. $100M+ revenue based on market position. Needs verification. Source: https://en.wikipedia.org/wiki/Microlife_Corporation","2","https://www.microlife.com","B2C retail","Microlife at ESC Congress 2026 — Microlife News — https://www.microlife.com/company/news-and-events","1","5","Passed (needs revenue verification). Large private, 40+ year old company. Global presence but limited media visibility. Flag: revenue data from PitchBook needed."
"21","Beurer","Germany","Global market","Wrist BP Monitor (consumer health)","Beurer sells wrist blood pressure monitors, upper-arm BP monitors, and other health devices. Their wrist monitors have adjustable soft cuffs for episodic measurement. No continuous wrist-worn wearable. Products use standard oscillometric measurement with position indicators.","2","Private. Revenue ~€230M (2016). 800+ employees. 100+ year old company. Source: https://en.wikipedia.org/wiki/Beurer","2","https://www.beurer.com","D2C","Beurer blood pressure monitors gain US validation — Medical Device Network / Yahoo Finance — https://finance.yahoo.com/news/beurer-blood-pressure-monitors-gain-083232443.html","1","5","FILTER PASSED. Large private, €230M+ revenue. Global retail presence. No VC funding needed (family-owned, 100+ yrs). Strong but low media profile."
"22","Medisana","Germany","Global (Europe primary, Americas, Asia via Amazon/Walmart)","Wrist BP monitors, connected health, wellness devices","Medisana sells health monitoring devices (BP monitors, thermometers, scales) and wellness products (massage, inhalation). Their BP monitors use traditional cuffs. No dedicated wrist-worn continuous wearable. Connected via VitaDock+ app for vital data monitoring.","2","~$22M revenue (RocketReach estimate, ~108 employees); private GmbH, no recent funding rounds. Taken private in 2016.","2","https://www.medisana.com","D2C","Medisana — Health & Wellness product catalog 2026 — Medisana.com — https://www.medisana.com/en/","1","5","Filter VERIFIED: Private (post-public, mature). Global sales confirmed (Amazon DE/US, Walmart). Not on exclusion list. Low media visibility but established European home-health brand. Wrist BP is primary category."
"23","Rossmax International","Taiwan (Swiss-designed products)","Global (Taiwan, Asia, Middle East, Africa, Europe, Americas)","Wrist BP monitors, pulse oximeters, thermometers, nebulizers, glucose meters","Rossmax manufactures blood pressure monitors, nebulizers, thermometers, pulse oximeters. Their BP monitors use flexible cuffs suitable for arms 24-40cm with optional smaller/larger sizes. They offer the Rossmax healthstyle APP for data management. No continuous wrist-worn wearable.","2","TWD 3,799.56M (~$115M USD) revenue FY2025. Net loss TWD 29.9M. Public company — no funding rounds.","2","https://www.rossmax.com","B2B","Rossmax launches HealthStation — Rossmax.com — https://www.rossmax.com/en/?Itemid=1230","2","6","Filter VERIFIED: Public (4121.TWO). Global sales confirmed (Taiwan, EMEA, Americas, Asia). Not on exclusion list. Small public company with declining revenue (-1.3% YoY). Swiss design positioning but Taiwan-headquartered. Low web presence."
"24","HoMedics (FKA Brands subsidiary)","United States","Global (US primary, UK, Europe via Amazon/Walmart/Target)","Wrist BP monitors, massage devices, wellness products, home health","HoMedics sells wellness and health monitoring products (massage, BP monitors, thermometers, scales). Their BP monitors include wrist and upper-arm models with adjustable cuffs. Primarily a wellness/lifestyle brand, not a dedicated medical wearable company. Products are episodic measurement devices.","2","Private (FKA Brands). Estimated $100-500M revenue across all brands. HoMedics is the flagship brand. No public funding data. Mature private company, no VC rounds.","2","https://www.homedics.com","D2C","HoMedics — The Well blog — Sep 2025 — Homedics.com — https://www.homedics.com/blogs/the-well","1","5","Filter VERIFIED: Private (mature, >$100M revenue). Global sales confirmed (US, UK sites, Amazon global). Not on exclusion list. Budget price positioning ($29.99 wrist BP) suggests low margins. Strong US retail distribution (Walmart, Target). Wellness brand more than medical brand — accuracy concerns particularly acute at this price tier."
"25","FORA Care / TaiDoc Technology","Taiwan","Global (Europe primary revenue source; also Americas, Middle East, Asia)","Wrist BP monitors, blood glucose meters, chronic disease management, telehealth","TaiDoc is an OEM/ODM manufacturer of medical devices (blood glucose monitors, BP monitors, thermometers). They offer a wearable Bluetooth thermometer (TD-1035) for continuous temperature monitoring, but no wrist-worn BP wearable. Their BP monitors are traditional cuff-based.","2","TWD 4,640.74M (~$140M USD) revenue FY2024. Net income TWD 1,158.77M (25% net margin — very profitable). Public company, no funding rounds. Revenue peaked at TWD 9.6B in 2022 (COVID demand), declining since.","2","https://www.taidoc.com","B2B","TaiDoc wearable thermometer TD-1035 — TaiDoc.com — https://taidoc.com/md-wearable-bluetooth-thermometer-td-1035/","2","6","Filter VERIFIED: Public (4736.TW). Global sales confirmed (Europe primary). Not on exclusion list. Interesting: very high net margin (25%) despite revenue decline from COVID peak. FORA Care Inc. (US subsidiary) handles Western distribution. Integrated chronic-care approach (BP + glucose) is strategically valuable but wrist BP undermines clinical credibility."
"26","Geratherm Medical","Germany","Wrist blood pressure monitors, clinical thermometers, medical devices","Consumer medical devices + professional medical technology","Geratherm offers wrist blood pressure monitors (active control, wristwatch models) with standard inflatable cuffs for episodic measurement. Also sells thermometers, lung function devices, incubator systems. Products are traditional medical devices, not continuous wrist wearables.","2","PUBLIC (Frankfurt GME.DE). FY2024 revenue ~EUR 22M ($21.6M per PitchBook). 1H 2025 revenue EUR 8.0M. Small-cap micro company.","2","https://www.geratherm.com","B2B","Geratherm Medical AG acquires 27.5% stake in oooxygen Health GmbH — Geratherm News — Jan 14, 2026 — https://www.geratherm.com/news","2","6","FILTER PASS: Public company (Frankfurt GME.DE, Xetra). Very small public company (~EUR 22M revenue). Announced segment change from Scale to Open Market Basic Board in April 2026. Consumer products (thermometers, BP monitors) are largest division. Recently diversifying through acquisitions (oooxygen Health Jan 2026)."
"27","Terraillon","France","France + EU (French brand with international distribution)","Wrist BP + connected health devices (scales, sleep sensors, thermometers)","Terraillon primarily sells wellness scales, kitchen appliances, and massage products. They offer connected scales (Fit Coach, Pop Color Coach) with WiFi, but no wrist-worn wearable or blood pressure monitor. Their health products focus on weight management, not cardiovascular monitoring.","1","PRIVATE French company, founded 1908. Acquired by Fook Tin Technologies (Hong Kong private) in 2002. Revenue: ~$16.4M (RocketReach), 39 employees. Capital social: €3.2M. NO evidence of Series B+ funding. Company is a legacy consumer brand, not VC-backed.","2","https://www.terraillon.com","D2C","Terraillon becomes official partner of Cross Le Figaro — Terraillon Press — Nov 2025 — https://www.terraillon.com/en/blogs/presse","2","5","FILTER FAIL: Private company with no Series B+ funding. Small revenue ($16.4M). Legacy French consumer brand (116 years old) owned by Hong Kong private group. Connected health positioning is interesting but company is too small. Tensio Poignet wrist BP with MyHealth app is their connected play. Cross Le Figaro partnership shows brand activation."
"28","YHE / BP Doctor","China","Global market","Wrist BP Monitor (inflatable cuff smartwatch)","YHE BP Doctor is a smartwatch with patented dual inflatable cuff design for medical-grade blood pressure measurement (error ≤ 5mmHg). The dual-cuff system replicates traditional BP monitor cuff fit. Incorrect wrist positioning or improper cuff fit directly affects measurement accuracy. Unlike optical sensors, the inflatable cuffs must be positioned directly over the radial artery.","3","No VC funding raised (Tracxn confirms). Crowdfunding only (~HK$199K). Source: https://tracxn.com/d/companies/yhe-technology/__n26OHMiWbO0xPLRNnGtdtgr2KLc3XtFaTwbgS9FRVLQ","1","https://www.yhetechs.com","Both (D2C + B2B)","YHE Leads Market of BP Smartwatch with BP Doctor MED — Portland News — https://www.portlandnews.net/news/271952822/yhe-leads-market-of-bp-smartwatch-with-bp-doctor-med","2","6","FILTER FAILED: No VC funding (crowdfunding only). Series A and below. Exclude."
"29","LiveMetric","US","Global market","Wrist BP Monitor (cuffless continuous, nano-sensor)","LiveMetric's LiveOne is a wrist-worn, cuffless, calibration-free continuous blood pressure monitor using nano-sensor technology. It tracks the radial artery every 10 seconds without requiring cuff inflation or calibration. Designed for passive 24/7 wear with a watch-like form factor. FDA-cleared 510(k).","1","Venture-backed (PitchBook profile). Specific round/amount unclear. FDA 510(k) cleared. Needs verification. Source: https://pitchbook.com/profiles/company/268593-67","1","https://livemetric.com","B2B","LiveMetric launches wearable blood pressure monitoring device LiveOne — NS Medical Devices — https://www.nsmedicaldevices.com/company-news/livemetric-launches-wearable-blood-pressure-monitoring-device-liveone/","2","4","Needs verification: funding stage unclear. FDA cleared but limited public funding data. Flag as 'Needs verification' for Series B status."
"30","CardiacSense","Israel","Global market","Medical Watch (ECG, PPG, SpO₂, BP, arrhythmia)","CardiacSense offers a medical-grade wristwatch (CS WATCH) for continuous beat-by-beat heart rate monitoring and AFib detection with ECG accuracy. CE-marked and Israeli Ministry of Health approved. The watch uses optical PPG sensors, has an adjustable band, and is designed for medical-grade continuous monitoring.","2","Total raised ~$24.4M. Recent round ~$1-5M. Valuation dropped 85%. Source: https://techtime.news/2025/07/04/cardiacsense/","1","https://cardiacsense.com","B2B","Garmin, Coros Settle CardiacSense Patent War Over Smartwatch Heart Tech — The5KRunner — Nov 13, 2025 — https://the5krunner.com/2025/11/13/garmin-coros-cardiacsense-patent-settlement-smartwatch-heart-tech/","2","5","FILTER FAILED: Early stage. Recent round only $1-5M, valuation down 85%. Likely Series A equivalent. Exclude."
"31","Valencell","US","Global market","Wrist Biometric Sensor Tech (OEM/licensing for BP)","Valencell develops and licenses biometric sensor technology (PerformTek) to wearable OEMs. Their technology powers heart rate, blood pressure, and biometric monitoring in devices from Bose, Suunto, Jabra, Samsung, and Sony. Valencell does not make end-user devices but provides sensor modules and reference designs.","1","Series C ~$7M+. Total raised ~$13M+ (since 2006). Revenue est. <$10M. Source: https://www.newsobserver.com/news/business/article10334444.html","1","https://valencell.com","B2B","Valencell raises $10.5M in Series E funding led by Sonion — Biometric Update — https://www.biometricupdate.com/tag/valencell","2","4","Passed (borderline). Series C technically passes but small rounds. OEM model means they license tech, not sell devices directly. Unique B2B play."
"32","Citizen Systems Japan (Citizen Watch subsidiary)","Japan","Global (Japan, Asia, worldwide via Citizen Watch distribution in 140+ countries)","Wrist BP monitors, thermometers, body composition monitors, healthcare devices","Citizen Systems Japan manufactures arm and wrist blood pressure monitors with Bluetooth connectivity for the healthcare market. Their wrist BP monitors use traditional inflatable cuffs for episodic measurement. Products are B2B/healthcare channel focused. Recently launched two entry-level models.","2","Subsidiary of Citizen Watch (TYO:7762, ~$2.5B annual revenue). CSJ individual revenue undisclosed but modest — healthcare is a small segment vs. watches/printers. No independent funding.","2","https://csj.citizen.co.jp/en","B2B","Citizen Launches Two Entry Models of Arm and Wrist Blood Pressure Monitors with Bluetooth Functionality — Citizen Systems Japan PR — May 12, 2026 — https://csj.citizen.co.jp/en/news","1","5","Filter VERIFIED: Subsidiary of public company (TSE:7762). Global sales via Citizen's 140-country network. Not on exclusion list. Healthcare is a minor segment for Citizen Watch (watches & printers dominate). Wrist BP devices are legacy products with minimal innovation investment. Low independent visibility."
"33","Transtek Medical / Lifesense","China","Global (China, Europe, Americas, Asia — OEM/ODM for international brands + own Lifesense brand)","Wrist BP monitors, RPM, medical wearables, smart scales, hearing aids","Transtek is an OEM/ODM manufacturer of connected medical devices (BP monitors, glucose monitors, scales, pulse oximeters) for remote patient monitoring (RPM) and chronic care management (CCM). Products use standard cuffs. No dedicated wrist-worn wearable. Focus on cellular and Bluetooth connectivity solutions.","2","RMB 984M (~$135M USD) revenue FY2024 (+11.28% YoY). Net profit RMB 61.36M (+78.55% YoY). Public company on SZSE. IPO'd November 2016.","2","https://www.transtekcorp.com","B2B","From RPM to RTM Connected Care Is Expanding — Digital Journal — https://www.digitaljournal.com/pr/news/pr-zen/rpm-rtm-connected-care-expanding-1360645505.html","1","5","Filter VERIFIED: Public (300562.SZ). Global sales confirmed (OEM/ODM for international brands + FDA-cleared devices). Not on exclusion list. Key insight: Transtek is the MANUFACTURER behind many Western brands' wrist BP monitors — the OEM supply chain choke point. Understanding their design decisions reveals systemic wrist-BP accuracy issues across the industry. Strong growth trajectory."
"34","Sejoy Biomedical","China","Wrist blood pressure monitors, blood glucose meters, uric acid meters, hemoglobin meters","Home-care in-vitro diagnostic and monitoring devices","Sejoy is an OEM/ODM manufacturer of home-care electronic medical products (blood glucose meters, lipid panel meters, hemoglobin monitors, fertility test systems). They do not manufacture wrist-worn wearables or blood pressure monitors. Focus is in-vitro diagnostics and point-of-care testing.","2","Private, no known VC funding. Alibaba profile lists annual revenue ~$13.3M. Founded 2002. ODM/OEM manufacturer with own DTC brand.","2","https://www.sejoy.com","B2B","Sejoy at MEDICA 2025 — Sejoy News — Nov 18, 2025 — https://www.sejoy.com/news/medica-2025-live-from-four-in-one-multi-functional-monitor-to-womens-health-black-technology-sejoy-ignites-the-global-medical-technology-feast-with-innovation/","1","5","FILTER FAIL: Private company with no known VC funding (not Series B+). Founded 2002 in Hangzhou. Primarily ODM/OEM manufacturer of IVD products (COVID-19 tests, blood glucose, etc.). Wrist BP is one of many product lines. DTC brand 'Sejoy' on Amazon with mixed reviews. 20+ years in manufacturing, but limited brand value or innovation differentiation."
"35","Kinetik Wellbeing","United Kingdom","UK + international (New Zealand via St John Ambulance partnership, select EU markets)","Wrist BP monitors + home health devices (thermometers, oximeters, blood glucose)","Universal wrist cuff (13.5-21.5cm) — one-size-fits-most design","1","PRIVATE UK company, founded 2006. 11-50 employees (LinkedIn). NO evidence of Series A/B/C funding on Crunchbase, CB Insights, or other platforms. Revenue not publicly disclosed; estimated <£10M based on company size. NHS supplier and Boots/Argos retail presence suggests moderate revenue but well below $100M threshold.","1","https://kinetikwellbeing.com","Both (D2C + B2B)","Self-help health market hits one million product sales for Kinetik Wellbeing — EMR Industry — https://www.emrindustry.com/self-help-health-market-hits-one-million-product-sales-for-kinetik-wellbeing/","2","4","FILTER FAIL: Private company with no evidence of Series B+ funding. Small UK company (11-50 employees). NHS partnership and 'Which? Best Buy' award give some trade media credibility. Wrist-cuff all-in-one design is innovative but company is too small for B2B enterprise consideration. Include for completeness."
"36","LAICA S.p.A.","Italy","Italy + EU + international (distributed in multiple countries under LAICA brand)","Wrist BP monitors + home health/filtration/kitchen appliances","Offers both arm and wrist blood pressure monitors with universal cuffs","1","PRIVATE Italian company, but acquired by Strix Group PLC (LON:KETL), a publicly traded UK company. Strix Group FY2024 total revenue: ~£144M. LAICA sits within Strix's Consumer Goods division. LAICA's standalone revenue estimated $50-100M range based on division contribution. LAICA publishes integrated ESG reports (FY2024). Strix market cap data available on FT.","2","https://www.laica.com","B2B","No major media mention in last 6 months; company news available at https://www.laica.com/en/news/","1","4","FILTER EDGE CASE: LAICA is private but owned by Strix Group PLC (public, LON:KETL). This provides public-company backing. Revenue estimated $50-100M (score 2). Low media visibility despite being part of public company. Wrist BP is one of many product categories (not core focus). Italian brand with EU distribution."
"37","American Diagnostic Corp / ADC","USA","Wrist BP monitors + professional diagnostic instruments (stethoscopes, thermometers, EENT)","Wrist Blood Pressure Monitor","ADC uses proprietary Size Guide marking system with multiple cuff sizes (adult, large); wrong size = risk of inaccurate readings","2","Est. $14.8M–$20.3M annual revenue; ~42–50 employees. Privately held, no VC funding, no institutional rounds.","2","https://www.adctoday.com","B2B","ADC Advantage line of digital blood pressure monitors launched — ADC Today — https://www.adctoday.com/","1","5","FILTER FAIL: Private US company, not public, no Series B+. No VC/PE backing. Founded ~1984. Core business is professional diagnostic instruments; wrist BP is a minor SKU. Low web traffic. No recent media coverage beyond product listings."
"38","Greater Goods","USA","Connected wrist BP + upper arm BP monitors (Bluetooth/app), consumer health devices","Connected Wrist Blood Pressure Monitor","Wide-Range Cuff (8.7-16.5"") with two size options available; adjustable but wrong size risk","2","Est. ~$5.6M annual revenue; ~56–60 employees. Privately held, bootstrapped. No VC funding found.","1","https://www.greatergoods.com","Both (D2C + B2B)","The 3 Best Blood Pressure Monitors for Home Use in 2026 — NYTimes Wirecutter — https://www.nytimes.com/wirecutter/reviews/best-blood-pressure-monitors-for-home-use/","2","5","FILTER FAIL: Private US company, not public, no Series B+. Bootstrapped. Strong consumer product reviews (Wirecutter 5x picks including 2026) but no institutional business/financial media coverage (no WSJ/Bloomberg/TC/Reuters). Wirecutter is trade/consumer review, not financial press."
"39","CA-MI","Italy","Wrist BP monitors + electromedical equipment (nebulizers, aspirators, pulse oximeters) for home-care","Wrist Blood Pressure Monitor","Wrist blood pressure monitors with universal cuff; one-size-fits-most design","1","Acquired by Protect Medical Holding (Borromin PE-backed) in September 2025. Pre-acquisition revenue undisclosed; estimated small-to-mid Italian manufacturer. Founded 1984.","1","https://www.ca-mi.eu","B2B","No major English media mention in last 6 months; company news at https://www.ca-mi.eu/news/","2","4","FILTER FAIL: Acquired by PE-backed Protect Medical (Borromin funds) — not public, not independently Series B+. Parent is PE portfolio company, not publicly traded. Wrist BP is one of many electromedical SKUs. Trade-level press only (acquisition announcement)."
"40","B.Well Swiss","Switzerland","Wrist BP monitors + home health devices (nebulizers, thermometers, personal care)","Wrist Blood Pressure Monitor","Anatomic/universal cuff for people with different constitutions; one-size-fits-most","1","Est. ~$202K annual revenue; ~18 employees. Swiss AG (stock corporation) with CHF 100K capital. Extremely small. No VC funding.","1","https://www.bwell-swiss.ch","B2B","B.Well Swiss auf der MEDICA 2025 — B.Well Swiss News — https://bwell-swiss.de/news/b-well-swiss-auf-der-medica-2025/","2","4","FILTER FAIL: Swiss private company, not public, no Series B+. Micro-cap (~$202K revenue, 18 employees). ISO 13485 certified, MDR compliant. Extremely low web presence. MEDICA trade show is industry event, not financial press coverage."
"41","Medel International","Italy","Wrist BP monitors + respiratory/nebulizer devices, thermometers, baby scales","Wrist Blood Pressure Monitor","Universal cuff (22-42 cm) included with blood pressure monitors; one-size-fits-most","1","Est. ~$24.4M annual revenue; ~70 employees. Subsidiary of Beurer GmbH (private German health/wellness company, founded 1919) since 2016. Beurer revenue ~€300M+ (2023).","2","https://www.medelinternational.com","B2B","Medel International at Arab Health 2026 — Inter-Fair — https://inter-fair.com/Announcement/Announcement?strPath=MEDELINTERNATIONAL","1","4","FILTER FAIL: Wholly-owned subsidiary of Beurer GmbH (private German family-owned company). Not public, not Series B+. Beurer is a large private company (~€300M revenue) but not publicly traded. Medel brand present in 70+ countries — legitimate global sales. Best-funded of batch via parent, but still not public/Series B+."
"42","Corsano Health","Netherlands","Global market","Medical Watch (CardioWatch 287 multi-sensor)","CardioWatch is a wrist-worn medical bracelet designed for continuous wear; one-size-fits-most adjustable band","1","Private. No public VC rounds found. Revenue not disclosed. EU MDR + FDA cleared. Needs verification. Source: https://corsano.com/","1","https://corsano.com","B2B platform","Medtronic expands its Acute Care & Monitoring wearables portfolio in the U.S. with a new distribution agreement for the Corsano multi-parameter wearable — Medtronic News — June 4, 2026 — https://news.medtronic.com/Medtronic-expands-its-Acute-Care-Monitoring-wearables-portfolio-in-the-U-S-with-a-new-distribution-agreement-for-the-Corsano-TM-multi-parameter-wearable","1","3","Needs verification: no public funding data. EU MDR + FDA cleared but unclear if Series B+. Flag as 'Needs verification'."
"43","Viatom / Wellue","China","Wrist health monitoring, BP, ECG, SpO₂","Consumer medical wearables","O2Ring is a ring (sizing kit included), BP Watch is a wrist-worn cuff device; one-size-fits-most with adjustable options","1","No VC funding raised (bootstrapped/self-funded per Tracxn). Revenue undisclosed, early-stage consumer sales via Amazon and DTC.","1","https://getwellue.com","D2C","FDA approves Viatom smart ring pulse oximeter (O2Ring) — AASM — June 6, 2025 — https://aasm.org/apnimed-announces-positive-results-in-clinical-trial-of-sleep-apnea-medication-2-2/","1","3","FILTER FAIL: Private company with no VC funding (not Series B+). Two brands: Viatom (B2B/OEM) and Wellue (DTC). Founded 2013 in Shenzhen. FDA-cleared Checkme Pro and O2Ring. No institutional funding found. Revenue likely sub-$10M."
"44","ChoiceMMed (Beijing Choice Electronic Technology)","China","Wrist blood pressure monitors, pulse oximeters, homecare medical devices","Consumer home healthcare devices","Medical-grade devices with standard universal cuffs for patient monitoring","1","Private, Series A. $16M total funding raised (per Tracxn). Founded 1993. Revenue undisclosed but likely $10-30M based on funding stage and market presence.","1","https://www.choicemmed.com","B2B","ChoiceMMed Showcases Innovative Solutions at Hospitalar 2026 in São Paulo — ChoiceMMed News — May 22, 2026 — http://www.choicemmed.com/news/dynamic_new","1","3","FILTER FAIL: Private company at Series A stage (not Series B+). Founded 1993 in Beijing. Strong in pulse oximetry segment with wide product range. Wrist BP models (MDBP203) and wrist pulse-ox (MD300W). 26+ years in medical diagnostics. Limited brand visibility outside China and trade channels. No major media coverage."
"45","Jumper Medical (Shenzhen Jumper Medical Equipment Co., Ltd.)","China","Global (exports via Alibaba, FCC certified for US, present in Bangladesh and other markets)","Wrist BP + maternal/child healthcare devices + home vitals","Fetal Doppler and BP monitors with universal/standard sizing","1","PRIVATE company, founded 1998. NO evidence of Series A/B/C funding rounds found on Crunchbase, PitchBook, Dealroom, or Tracxn. Revenue not publicly disclosed; estimated $10M-$50M based on employee count and Alibaba presence. NOT meeting Public or Series B+ filter.","1","https://www.jumper-medical.com / https://jumpermmed.com","B2B","Jumper Medical showcases AngelSounds maternal care at 2026 Spring CMEF — Jumper Medical News — April 13, 2026 — https://www.jumper-medical.com/","1","3","FILTER FAIL: Private company with no evidence of Series B+ funding. Founded 1998, mature but small/mid-sized Chinese OEM. Primarily a contract manufacturer for maternal/child devices with BP monitors as a secondary line. Low priority due to filter failure and low scores across all dimensions. Include for completeness but flag as below threshold."
"46","Uebe Medical GmbH (Visomat)","Germany","Germany + EU (primarily DACH region)","Wrist BP monitors (visomat Handy) + arm BP monitors + thermometers","Multiple cuff sizes available across brands (visomat, visocor); different sizes matter for measurement accuracy","2","PRIVATE German GmbH, founded 1920s. ~8 employees (RocketReach). Revenue not publicly disclosed; estimated <€5M based on company size. North Data shows financials available only to premium subscribers. NO evidence of Series B+ funding. Very small, traditional family-owned German medical device manufacturer.","1","https://www.uebe.com / https://www.visomat.de","B2B","UEBE Medical — 135 years of precision and trust in medical technology — LinkedIn — 2026 — https://www.linkedin.com/posts/uebe-medical-gmbh_uebemedical-madeingermany-medicaltechnology-activity-7427436457889452032-ZA2X","1","4","FILTER FAIL: Private company with no Series B+ funding. ~8 employees, estimated <€5M revenue. Very small traditional German medical device company. visomat brand has legacy recognition in German pharmacies but minimal growth or innovation signals. visomat Handy wrist BP is a basic commodity product. Below all thresholds for B2B consideration."
"47","Veridian Healthcare","USA","Wrist BP monitors + home diagnostic equipment (thermometers, pulse oximeters, nebulizers)","Wrist Blood Pressure Monitor","Different cuff sizes available (adult standard); improper fit can affect readings","2","Est. ~$6.4M annual revenue; ~50–56 employees. Privately held since founding in 2009. No VC funding.","1","https://www.veridianhealthcare.com","B2B","Review Veridian Healthcare 01–554 SmartHeart Automatic Digital Blood Pressure Arm Monitor — Medium — Oct 20, 2025 — https://medium.com/review-home-appliance/review-veridian-healthcare-01-554-smartheart-automatic-digital-blood-pressure-arm-monitor-e1030b1c0db1","1","4","FILTER FAIL: Private US company, not public, no Series B+. Small revenue (~$6.4M). Importer/distributor model, not manufacturer. No meaningful media coverage; Bloomberg profile is automated directory listing only. Declining web traffic."
"48","Vive Health","USA","Wrist BP monitors + durable medical equipment (walkers, rollators, mobility aids)","Wrist Blood Pressure Monitor","Extensive product range with different sizes/options; proper sizing important for braces, cuffs, supports","2","Raised $3.65M total (seed round). Investors: MrPink VC, Fresh Ventures, Green Egg Ventures, Pareto Holdings. Revenue undisclosed but estimated modest given seed stage.","1","https://www.vivehealth.com","D2C","Physical Therapist From Vive Health Demonstrates 8 Easy Hand & Finger Exercises Using Therapy Putty on YouTube — PRUnderground — https://www.prunderground.com/physical-therapist-from-vive-health-demonstrates-8-easy-hand-finger-exercises-using-therapy-putty-on-youtube/00181264/","1","4","FILTER FAIL: Private US company. Raised only $3.65M — seed/early stage, not Series B+. Not public. Revenue likely <$15M. Wrist BP is one of many DME SKUs. No major media coverage (no WSJ/Bloomberg/TC/Reuters)."
"49","Scala Electronic GmbH","Germany","Wrist BP monitors + thermometers, home diagnostic devices","Wrist Blood Pressure Monitor","Blood pressure monitors with universal wrist/arm cuffs; one-size-fits-most design","1","Revenue undisclosed. Small private German GmbH headquartered in Stahnsdorf. No VC funding. Estimated <$5M revenue based on company profile.","1","https://www.scala-electronic.de","B2B","No major media mention in last 6 months; company active via website at https://scala-electronic.de/","1","3","FILTER FAIL: Private German GmbH, not public, no Series B+. Small niche manufacturer focused on German-speaking market. No media presence. Products listed on B2B directories only."
"50","Diagnosis S.A. (listed as 'Diagnostic S.A.')","Poland","Wrist BP monitors + medical devices, diagnostic tests, dietary supplements","Wrist Blood Pressure Monitor","Blood pressure monitors with universal cuffs; standard sizing","1","Net sales decreased 5.75% in 2024. Total assets growth 1.13%. Share capital: 603,000 PLN (~$150K). Small private Polish joint-stock company (SA). ~11-50 employees. Revenue estimated <$5M.","1","https://www.diagnosis.pl","B2B","Good investor instead of a credit — Diagnosis S.A. receives Podlaski Equity Investment Fund investment — Diagnosis Media — https://diagnosis.pl/en/media/good-investor-instead-of-a-credit","1","3","FILTER FAIL: Private Polish SA (joint-stock but not publicly listed). Not Series B+. Declining sales (-5.75% in 2024). Very small capital base. NOTE: Company name is 'Diagnosis S.A.' (not 'Diagnostic S.A.' as listed in batch). Offers OEM/ODM manufacturing. No significant media coverage."
"51","Nothing Technology / CMF (CMF Watch)","UK","Global market","Smartwatch (consumer fitness/health tracking)","CMF Watch Pro/2 uses optical PPG sensors for heart rate and SpO₂ monitoring. These sensors require snug, consistent wrist contact — a loose or ill-fitting band causes light leakage and motion artifacts, degrading measurement accuracy.","2","Nothing raised ~$250M+ total (Series C $200M in Sep 2025 at $1.3B valuation, Series B $70M 2022, Series A $50M 2021, seed $7M). Unicorn status since 2025.","3","https://nothing.tech","D2C","May 12, 2026 — Charli XCX named Nothing's first Global Brand Ambassador and shareholder — Hypebeast / DesignScene. Sep 2025: CMF spun off as standalone India subsidiary ($100M JV with Optiemus Infracom).","2","7","FILTER PASS: consumer brand, NOT medical-grade (no FDA/MDR cert). PPG-based HR/SpO₂, step counting, sleep tracking. CMF spun off as standalone India entity Sep 2025."
