Company / brand|HQ country|Sub-segment|Parent / basis|Why wrist measurement is must-have|Pain Score|Funding / revenue (with source URL)|Funding score|Official website|E-com type|Last media mention (title + source + URL)|Coverage score|Priority score|Verification result|Notes / flags
Versace Watches|Italy (brand) / Switzerland (watch licensee)|Luxury|Prada Group (HKEX:1913) — PUBLIC parent. Watch manufacturing under license to Timex Group|Luxury fashion watches sold D2C; bracelet sizing and fit critical for online conversion; integrated bracelet designs (Tolomeo, Greca) require precision sizing|2|Prada Group (HKEX:1913), public, $6.71B revenue (2025). Source: https://companiesmarketcap.com/prada/revenue/|3|https://www.versace.com/|Full D2C — watches listed with Add to Bag on versace.com|Versace Fall/Winter 2025 Watch Collection — WatchPro, Jan 2026. https://www.watchpro.com/tag/versace/|3|8|PASS|Brand owned by Prada Group (public HKEX:1913 since 2011). Watch license operated by Timex Group (private). D2C via versace.com. Versace acquired by Prada from Capri Holdings Apr 2025.
Ferragamo Watches|Italy (brand) / Switzerland (watch licensee)|Luxury|Salvatore Ferragamo S.p.A. (BIT:SFER) — PUBLIC. Watch manufacturing under license to Timex Group|Fashion watches with integrated bracelets and metal bands; F-80 line has non-adjustable integrated lugs; online sales require accurate wrist sizing to reduce returns|2|Salvatore Ferragamo S.p.A. (BIT:SFER), public, €977M revenue (2025). Source: https://group.ferragamo.com/resource/blob/1130322/d04225d69b6c1fa48fda96e286244079/2025-10-23-press-release-9m-2025-data.pdf|3|https://www.ferragamo.com/|Full D2C — watches with Add to Cart on ferragamo.com, free shipping|Ferragamo confirms full-year revenue decline — WorldFootwear, Mar 2026. https://www.worldfootwear.com/news/ferragamo-confirms-fullyear-revenue-decline-and-discloses-lower-profits/11337.html|3|8|PASS|Brand owner Salvatore Ferragamo S.p.A. is public (BIT:SFER). Watches sold D2C on ferragamo.com. Watch manufacturing licensed to Timex Group (private).
Bremont|United Kingdom|Luxury|Independent — Bill Ackman & Hellcat LP invested £48.4M ($59M) in Jan 2023. Private company valued ~£100M|Aviation/military watches with integrated bracelet designs (Supernova, MB series); bracelet sizing critical for online D2C sales; most models use standard lugs but bracelet fit remains key|2|Raised $59M (£48.4M) from Bill Ackman & Hellcat LP, Jan 2023. Valued ~£100M. Source: https://www.bloomberg.com/news/articles/2023-01-23/billionaire-ackman-invests-in-bremont-in-boost-for-uk-watchmaker|2|https://www.bremont.com/|Full D2C — /shop, /cart, 3-year 0% finance|Nick English appointed Executive Chairman at Moke International — Automotive.bg, 2026. https://automotive.bg/industry-news/nick-english-co-founder-of-bremont-watches-appointed-new-executive-chairman-at-moke-international/|3|7|PASS|Meets $20M+ funding threshold. D2C confirmed with cart/checkout. Also covered by Robb Report, Boss Hunting. Ex-MoD supplier (~30% of revenue from military).
GC Watches|Switzerland (brand) / USA (parent)|Accessible/fashion|Timex Group USA — PRIVATE. Sister public entity: Timex Group India Ltd (BSE:500414, NSE:TIMEX) but not the parent|Fashion watches sold D2C; mixed straps and bracelets; fit matters for online conversion and returns reduction|N/A|Timex Group USA is private (~$1.4B revenue est). Timex Group India Ltd public (BSE:500414) but is subsidiary, not parent. Source: https://en.wikipedia.org/wiki/Timex_Group_USA|N/A|https://www.gcwatches.com/|Full D2C — shop.gcwatches.com with cart/checkout|N/A|N/A|N/A|FILTER FAIL|Timex Group (parent) is private. Timex Group India Ltd is a public subsidiary but GC Watches operates under Timex Group Luxury Division (private). Does not meet strict filter: no public parent, no Series B+.
Nautica Watches|USA|Accessible/fashion|Authentic Brands Group — PRIVATE (pre-IPO). Watch license historically with Timex Group|Fashion/sport watches sold D2C via nautica.com; metal and resin straps; moderate fit sensitivity|N/A|Authentic Brands Group is private (planning IPO, not yet public). Source: https://fashionunited.uk/news/business/authentic-brands-group-eyes-ipo-as-sales-outpace-expectations/2026050687865|N/A|https://www.nautica.com/|Full D2C — watches with Add to Cart on nautica.com|N/A|N/A|N/A|FILTER FAIL|ABG is private (pre-IPO). Nautica watches are licensed. No public parent, no Series B+ funding. D2C confirmed.
Festina|Spain|Accessible/fashion|Festina Group — PRIVATE Spanish conglomerate|Mainstream fashion/sport watches; wide D2C assortment; mixed strap types; bracelet sizing needed for online orders|N/A|Festina Group is private. Estimated revenue $350M-$1B+. No public listing, no venture funding. Source: https://www.festinagroup.com/|N/A|https://www.festina.com/|Full D2C — festina.com with cart, multiple country stores|N/A|N/A|N/A|FILTER FAIL|Private Spanish group. No public parent. No Series B+. Large scale but does not meet strict filter criteria. D2C confirmed.
Lotus|Spain|Accessible/fashion|Festina Group — PRIVATE|Affordable fashion watches; mixed straps and bracelets; online D2C active; basic fit requirements|N/A|Festina Group is private. Source: https://www.festinagroup.com/|N/A|https://lotus-watches.com/|Full D2C — lotus-watches.com with cart, prices shown|N/A|N/A|N/A|FILTER FAIL|Part of Festina Group (private). No public parent, no Series B+. D2C confirmed at lotus-watches.com.
Jaguar Watches|Switzerland|Luxury|Festina Group — PRIVATE|Swiss-made luxury watches; bracelet-heavy collection; D2C sales need accurate sizing|N/A|Festina Group is private. Source: https://www.festinagroup.com/|N/A|https://jaguarswisswatches.com/|Full D2C — jaguarswisswatches.com official online store|N/A|N/A|N/A|FILTER FAIL|Part of Festina Group (private). Positioned as luxury Swiss Made. No public parent, no Series B+. D2C confirmed.
Candino|Switzerland|Accessible/fashion|Festina Group — PRIVATE|Swiss-made accessible watches; mixed straps; D2C channel active|N/A|Festina Group is private. Source: https://www.festinagroup.com/nuestras-marcas/candino/|N/A|https://www.candino.com/|Full D2C — candino.com with prices and search|N/A|N/A|N/A|FILTER FAIL|Part of Festina Group (private). Swiss Made positioning. No public parent, no Series B+. D2C confirmed.
Kronaby|Sweden|Hybrid smartwatch|Festina Group — PRIVATE (acquired 2019 after Anima AB insolvency)|Hybrid smartwatch with connected features; sensor/crown fit critical; wrist measurement directly impacts functionality and comfort; HIGH product fit for measurement use case|N/A|Acquired by Festina Group (private) in 2019. Parent Anima AB was insolvent. Source: https://www.firstclasswatches.co.uk/blog/2019/04/kronaby-smartwatch/|N/A|https://www.kronaby.com/|Full D2C — kronaby.com with Buy Now, multiple regional stores (US, EU, UK)|N/A|N/A|N/A|FILTER FAIL|Strong product fit for wrist measurement but fails strict filter. Acquired by private Festina Group. Original parent Anima AB went insolvent. No Series B+ funding. D2C confirmed.
Daniel Wellington|Sweden|Accessible/fashion|Timex Group USA — PRIVATE (acquired 100% Jul 2026, was minority investor since ~2023)|Pure D2C play from inception; minimalist watches with interchangeable straps; wrist measurement useful for sizing guidance and reducing returns at scale|N/A|Acquired by Timex Group (private) in 2025/2026. Prior: raised only $0.05M. Source: https://insideretail.asia/2026/07/03/timex-completes-full-daniel-wellington-acquisition/|N/A|https://www.danielwellington.com/|Pure D2C — danielwellington.com, iconic D2C watch brand|N/A|N/A|N/A|FILTER FAIL|Acquired by private Timex Group. Pre-acquisition: minimal external funding ($0.05M). Does not meet strict filter. Strong D2C brand. Timex Group India public subsidiary does not count as parent.
MyKronoz|Switzerland|Smartwatch|Independent — PRIVATE. Raised Series B in Nov 2017 (~$4-7M est)|Smartwatches and activity trackers; sensor fit critical; wrist measurement directly affects sensor accuracy and comfort|N/A|Series B Nov 2017, total raised ~$4-7M (under $20M threshold). Source: https://www.crunchbase.com/organization/mykronoz/company_financials|N/A|https://www.mykronoz.com/|Full D2C — mykronoz.com with shopping cart/checkout|N/A|N/A|N/A|FILTER FAIL|Series B funding (~$4-7M) below $20M threshold. Private company. Strong product fit for wrist measurement but fails strict filter. D2C confirmed.
Ulysse Nardin|Switzerland|Luxury|Sowind Group SA — PRIVATE (management buyout from Kering, 2022)|Haute horlogerie; many models on leather straps with deployant clasps; precision fit important for high-end clientele; bracelet models need sizing|N/A|Sowind Group SA is private (management buyout from Kering in 2022). Source: https://www.kering.com/en/news/kering-completes-the-sale-of-girard-perregaux-and-ulysse-nardin/|N/A|https://www.ulysse-nardin.com/|No D2C — retailer-only; no online checkout found on official site|N/A|N/A|N/A|FILTER FAIL|Private company (management buyout 2022). No D2C checkout on ulysse-nardin.com. Previously owned by Kering (public) but sold. Fails both strict filter and D2C requirement.
Girard-Perregaux|Switzerland|Luxury|Sowind Group SA — PRIVATE (management buyout from Kering, 2022)|Haute horlogerie; integrated bracelet designs (Laureato); precise wrist sizing essential for luxury bracelets|N/A|Sowind Group SA is private (management buyout from Kering in 2022). Source: https://en.wikipedia.org/wiki/Girard-Perregaux|N/A|https://www.girard-perregaux.com/|Limited — store.girard-perregaux.com exists but limited functionality; primarily retailer-focused|N/A|N/A|N/A|FILTER FAIL|Private company. store.girard-perregaux.com exists but limited D2C. Previously owned by Kering (public) but sold 2022. Fails strict filter.
Oris|Switzerland|Luxury|Independent — PRIVATE. Management buyout in 1982.|Mechanical watches; diverse strap/bracelet options; e-shop active; bracelet sizing and fit important for D2C sales|N/A|Independent private company since 1982 management buyout. Revenue est $10-100M. Source: https://www.hautehorlogerie.org/en/watches-and-culture/library/oris-proudly-independent|N/A|https://www.oris.ch/|Full D2C — oris.ch with e-shop, cart, "complimentary matching strap" promo|N/A|N/A|N/A|FILTER FAIL|Independent private company. No public parent. No Series B+ funding. Strong D2C presence but fails strict filter.
Raymond Weil|Switzerland|Luxury|Independent family-owned — PRIVATE|Luxury watches with integrated bracelets (A.R.T. Collection, Freelancer); D2C with cart; bracelet sizing critical for online sales|N/A|Independent family-owned private company since 1976. Source: https://www.raymond-weil.com/pages/the-story-of-an-independent-watchmaker|N/A|https://www.raymond-weil.com/|Full D2C — raymond-weil.com with cart, multi-currency, installment payments|N/A|N/A|N/A|FILTER FAIL|Independent family-owned private company. No public parent. No Series B+ funding. Active D2C with full checkout. Fails strict filter.
Bell & Ross|France / Switzerland|Luxury|Independent — PRIVATE. Chanel holds minority stake (private company)|Aviation/instrument watches; many bracelet models (BR-05, BR-X5); D2C online store with buy capability; bracelet sizing key|N/A|Independent private company. Chanel (private) holds minority stake since 1998. Source: https://timeandtidewatches.com/chanel-invest-in-mbf/|N/A|https://www.bellross.com/|Full D2C — bellross.com "Boutique en ligne officielle", "Achetez en ligne"|N/A|N/A|N/A|FILTER FAIL|Private independent company. Chanel (private) minority stake does not constitute public parent. No Series B+ funding. D2C confirmed (official online store).
Tudor|Switzerland|Luxury|Rolex / Hans Wilsdorf Foundation — PRIVATE|Sister brand to Rolex; diverse collection including bracelets and straps; no D2C checkout but brand shows MSRP on site|N/A|Hans Wilsdorf Foundation is private (owns 100% of Rolex and Tudor). Source: https://www.glitz.paris/en/families/2026/07/14/hans-wilsdorf-foundation-keeps-it-in-the-well-heeled-family,110840334-art|N/A|https://www.tudorwatch.com/|No D2C — product pages with MSRP but no cart/buy button; retailer-only sales|N/A|N/A|N/A|FILTER FAIL|Private (Hans Wilsdorf Foundation). No D2C. Tudor shows prices but no online checkout — must buy through authorized dealers. Fails both filter criteria.
Rolex|Switzerland|Luxury|Hans Wilsdorf Foundation — PRIVATE|World's most recognized luxury watch; many iconic bracelet models (Oyster, Jubilee, President); precise sizing critical but sold only through ADs|N/A|Hans Wilsdorf Foundation (private). Revenue est ~$10B+. Source: https://www.glitz.paris/en/families/2026/07/14/hans-wilsdorf-foundation-keeps-it-in-the-well-heeled-family,110840334-art|N/A|https://www.rolex.com/|No D2C — "You cannot buy new Rolex watches online — must visit Official Rolex Jewelers in person." Source: https://shoponlina.com/en/rolex-canada-your-full-guide-2022/|N/A|N/A|N/A|FILTER FAIL|Private (Hans Wilsdorf Foundation). No D2C for new watches — authorized dealers only, in-person purchase required. Fails both filter criteria. Exceptional brand scale but irrelevant for D2C measurement use case.
Audemars Piguet|Switzerland|Luxury|Independent family-owned — PRIVATE|Ultra-luxury watches; iconic Royal Oak integrated bracelet; precise wrist sizing is CRITICAL for fit but no D2C sales|N/A|Independent family-owned private company. Revenue est ~$2B+. Source: https://monochrome-watches.com/portrait-interview-ilaria-resta-ceo-audemars-piguet-talks-her-arrival-her-vision-future/|N/A|https://www.audemarspiguet.com/|No D2C — "Find a Boutique" only. No online checkout.|N/A|N/A|N/A|FILTER FAIL|Private independent. No D2C — boutique-only sales. Royal Oak integrated bracelet design makes wrist measurement highly relevant but no online sales channel. Fails both filter criteria.
Patek Philippe|Switzerland|Luxury|Independent family-owned (Stern family) — PRIVATE|Ultra-luxury watches; Nautilus and Aquanaut integrated bracelets; precision sizing essential; no D2C|N/A|Independent family-owned private company (Stern family since 1932). Revenue est ~$1.5B+. Source: https://www.patek.com/en/company/history|N/A|https://www.patek.com/|No D2C — authorized retailer network only. No online checkout.|N/A|N/A|N/A|FILTER FAIL|Private independent (Stern family). No D2C. Nautilus/Aquanaut integrated bracelets make measurement critical but no online sales channel. Fails both filter criteria.