#|Company name|HQ country|Market|Segment|Why wrist = must|Pain Score|Funding / revenue|Funding score|Website|E-com type|Last media mention|Coverage score|Priority score|Audit status|Notes / flags
1|Amazfit / Zepp Health|Netherlands (HQ) / China|Health & Fitness|Smartwatch|Smartwatch with optical HR, SpO2, bio-impedance sensors requires continuous skin contact for Zepp Coach/AI health features; wrong fit = corrupted health data|3|Zepp Health Q2 2025 revenue $59.4M (+46% YoY). FY2024 revenue ~$192M — https://sgbonline.com/exec-amazfit-parent-zepp-health-corp-posts-first-year-over-year-growth-since-2021/|3|https://www.amazfit.com/|DTC + Marketplace|Amazfit goes all in on HYROX. Hail Mary or smart investment? — The5kRunner, Jun 2026 — https://the5krunner.com/2026/06/09/amazfit-hyrox-hail-mary/|2|8|Qualified|FILTER PASS: public company, sensor-dependent health wearable, consistent trade press coverage
2|Huawei Watch|China|B2C|Smartwatch|Smartwatch with advanced health sensors (HR, SpO2, ECG, body temp, blood pressure) requires exact skin contact for medical-grade accuracy; wrong fit = sensor failure|3|Huawei 2025 annual revenue ¥880.9B (~$126B USD) — https://www.fierce-network.com/newswire/huawei-releases-2025-annual-report|3|https://consumer.huawei.com/en/wearables/|DTC + Retail + Marketplace|Huawei Watch 5 review: Stunning hardware with customary excellence - Wareable - https://www.wareable.com/smartwatches/huawei-watch-5-review|3|9|Qualified|FILTER PASS: global scale, health sensors require precise fit, major media presence, massive revenue
3|Honor Watch|China|B2C|Smartwatch|Smartwatch with HR/SpO2/stress monitoring sensors; health features require skin contact; Honor Health app ecosystem|3|Honor Device Co. large private, global scale; specific revenue undisclosed — independent from Huawei since 2020|3|https://www.honor.com/global/wearables/|DTC + Retail + Marketplace|Honor Watch 6 Review: Great Endurance, Not Quite Perfect - Yanko Design, Jul 2026 - https://www.yankodesign.com/2026/07/13/honor-watch-6-review-great-endurance-not-quite-perfect/|1|7|Qualified|FILTER PASS: global scale, sensor-dependent, but minimal watch-specific media coverage
4|Mobvoi / TicWatch|Hong Kong / China|B2C|Smartwatch|Wear OS smartwatch with dual-display, HR/SpO2 sensors, Snapdragon chip; sensor accuracy depends on wrist fit; TicPulse/TicHealth ecosystem|3|Mobvoi TTM revenue $56.4M (PitchBook). At peak, TicWatch annual sales 1B yuan — https://pitchbook.com/profiles/company/84931-57|3|https://www.mobvoi.com/|DTC + Marketplace|Mobvoi scales back TicWatch presence while AI products take over — Gadgets & Wearables, Dec 2025 — https://gadgetsandwearables.com/2025/12/06/mobvoi-ai/|2|8|Qualified|FILTER PASS: public company, sensor-dependent, active trade press coverage
5|Withings|France|Health & Fitness|Hybrid smartwatch|ScanWatch medical-grade ECG/SpO2 sensors require precise skin contact for clinical accuracy; hybrid design with traditional watch sizing; medical device classification|3|Withings $96M raised over 7 rounds; ~$100M revenue (2023) — https://www.cbinsights.com/company/withings/financials|2|https://www.withings.com/|DTC + Retail|Withings ScanWatch 2 Review: Medical-Grade Hybrid Innovation - CyberNews, Mar 2026 - https://cybernews.com/health-tech/withings-scanwatch-2-review/|2|7|Qualified|FILTER PASS: Series B+, medical-grade sensors, CES press coverage
6|Suunto|Finland|Sport|Sport smartwatch|Sport GPS watch with wrist HR/SpO2 sensors; multisport tracking requires consistent skin contact for training metrics accuracy; trail runners/divers depend on reliable data|3|Suunto annual revenue ~$61M (2025 est); owned by Liesheng since 2022 — https://ecdb.com/resources/sample-data/retailer/suunto|2|https://www.suunto.com/|DTC + Retail|Suunto Vertical 2 Titanium AMOLED Smartwatch Unveiled — Dutchiee.tv, Mar 2026 — https://www.dutchiee.tv/news/suunto-vertical-2-titanium-amoled-smartwatch-unveiled/|2|7|Qualified|FILTER PASS: global scale sport brand, sensor-dependent, trade press coverage
7|Polar Electro|Finland|Sport|Sport smartwatch|Pioneer of wrist HR monitoring; sport watches with Precision Prime sensor fusion (optical + bioimpedance); sensor accuracy critical for training data; elite athletes depend on data|3|Polar Electro Oy Finland entity revenue ~€32.8M (2024); global group est $100M+ — https://www.kauppalehti.fi/yritykset/yritys/02099112|2|https://www.polar.com/|DTC + Retail + Marketplace|Polar Street X In-Depth Review: What's the Catch? - DC Rainmaker, Apr 2026 - https://www.dcrainmaker.com/2026/04/polar-street-x-in-depth-sports-review.html|1|6|Qualified|FILTER PASS: global scale sport brand, sensor pioneer, but limited recent media coverage
8|COROS Wearables|China / USA (Orange County)|Sport|Sport smartwatch|Sport GPS watch with wrist HR/SpO2 sensors; multisport tracking needs consistent skin contact; used by elite endurance athletes (Eliud Kipchoge)|3|COROS raised $6.1M total over 1 round — https://tracxn.com/d/companies/coros/__a6oXguug8D7DjFVdjYKmVl1weFlaegiA0Stp61NywvE|1|https://coros.com/|DTC + Retail|COROS is teasing an 'all-new Apex' mountain watch — Android Central, 2026 — https://www.androidcentral.com/wearables/coros-teases-apex-3-outdoor-watch|2|6|Qualified|FILTER PASS: sport-focused, sensor-dependent, trade press coverage, but small private company
9|Xplora Technologies|Norway|Kids|Kids smartwatch|Kids GPS smartwatch; adjustable band but correct wrist fit needed for activity tracking accuracy and comfort for children 5-12; returns if uncomfortable|1|Xplora Q3 2025 revenue NOK 510M (+103% YoY), 443K subscriptions — https://live.euronext.com/en/products/equities/company-news/2025-11-26-xplora-q3-25-surpassed-half-billion-quarterly-revenue|3|https://www.xplora.com/|DTC + Retail|Xplora Q3 25 Surpassed half a billion in quarterly revenue — Euronext, Nov 2025 — https://live.euronext.com/en/products/equities/company-news/2025-11-26-xplora-q3-25-surpassed-half-billion-quarterly-revenue|2|7|Qualified|FILTER PASS: public company, growing revenue, business/tech press coverage
10|CMF by Nothing|United Kingdom|B2C|Smartwatch|Budget smartwatch with HR/SpO2 sensors; adjustable silicone strap but sensor accuracy requires proper fit; returns/exchanges if fit is poor|1|Nothing $200M Series C at $1.3B valuation, $1B+ total sales by early 2025 — https://www.financialexpress.com/business/brandwagon-nothing-raises-200m-series-c-at-1-3b-valuation-aims-for-ai-native-devices-3979309/|3|https://nothing.tech/collections/watches|DTC|CMF by Nothing proves it's the IKEA of tech with new phone, Buds Pro 2 and Watch Pro 2 — TechRadar, 2025 — https://www.techradar.com/phones/cmf-by-nothing-proves-its-the-ikea-of-tech-with-new-phone-1-buds-pro-2-and-watch-pro-2|3|8|Qualified|FILTER PASS: unicorn parent, major tech media coverage, budget smartwatch with sensors
11|OnePlus Watch|China|B2C|Smartwatch|Wear OS smartwatch with HR/SpO2/GPS sensors; OnePlus Watch 4 with advanced health suite; sensor accuracy requires proper wrist contact|3|OnePlus — large private company in BBK ecosystem; global smartphone top-10 brand; specific financials undisclosed|3|https://www.oneplus.com/|DTC + Marketplace|OnePlus Watch 4 im Test - WearOS auf Steroiden — Smartzone, 2026 — https://www.smartzone.de/oneplus-watch-4-im-test/|1|7|Qualified|FILTER PASS: large private with global scale, sensor-dependent smartwatch, minimal media coverage
12|OPPO Watch|China|B2C|Smartwatch|Wear OS/ColorOS Watch smartwatch with HR/SpO2/ECG sensors; health tracking depends on skin contact; OPPO Health app|3|OPPO — large private company in BBK ecosystem; global top-5 smartphone brand; specific financials undisclosed|3|https://www.oppo.com/en/accessories/|DTC + Retail + Marketplace|Oppo confirms imminent global launch for new luxury smartwatch with up to 16 days battery life - Notebookcheck, Apr 2026 - https://www.notebookcheck.net/Oppo-confirms-imminent-global-launch-for-new-luxury-smartwatch-with-up-to-16-days-battery-life.1274857.0.html|1|7|Qualified|FILTER PASS: large private with global scale, sensor-dependent, minimal Western coverage
13|vivo Watch|China|B2C|Smartwatch|Smartwatch with HR/SpO2/sleep tracking sensors; vivo Health ecosystem; sensor accuracy depends on wrist contact|3|vivo — large private company in BBK ecosystem; global top-5 smartphone brand; specific financials undisclosed|3|https://www.vivo.com/en/products|DTC + Retail + Marketplace|Vivo Watch GT 2 - AMOLED-Smartwatch mit 25 Tage Akku für 150€ — Smartzone, Jun 2026 — https://www.smartzone.de/vivo-watch-gt-2-smartwatch/|1|7|Qualified|FILTER PASS: large private with global scale, sensor-dependent, minimal Western coverage
14|TCL Watch|China|B2C|Smartwatch|Budget smartwatch with basic HR/SpO2 sensors; adjustable strap fits most; sensor accuracy not medical-grade|1|TCL Electronics 2025 revenue HK$114.58B ($14.7B USD), +15.4% YoY — https://en.prnasia.com/releases/global/tcl-electronics-01070-hk-achieving-high-quality-global-growth-in-2025-with-adjusted-profit-attributable-to-owners-of-the-parent-and-dividends-surging-by-over-56--527177.shtml|3|https://www.tcl.com/global/en/wearables|DTC + Retail + Marketplace|No watch-specific coverage found (2025-2026)|1|6|Qualified|FILTER PASS: public parent, massive scale, but watches are minor product line with minimal coverage
15|ZTE Watch|China|B2C|Smartwatch|Budget smartwatch with basic HR/SpO2; adjustable strap; commodity positioning; sensor accuracy secondary|1|ZTE FY2024 revenue ¥115.95B (~$16B USD) — https://craft.co/zte|3|https://www.zte.com.cn/global/|DTC + Retail + Marketplace|No watch-specific coverage found (2025-2026)|1|6|Qualified|FILTER PASS: public company, massive scale, but watches are minor/commodity product line
16|ASUS VivoWatch|Taiwan|Health & Fitness|Smartwatch|Health-focused smartwatch with blood pressure, ECG, HR, SpO2, body composition sensors; medical-grade vitals tracking requires precise skin contact|3|ASUS TTM revenue $23.95B USD — https://companiesmarketcap.com/asus/revenue/|3|https://www.asus.com/mobile-handhelds/wearable-health/|DTC + Retail + Marketplace|Asus VivoWatch 6 Plus launches with advanced health tracking, AMOLED display, sapphire and titanium build - Gizmochina, Jun 2026 - https://www.gizmochina.com/2026/06/02/asus-vivowatch-6-plus-launches-with-advanced-health-tracking-1-43-inch-amoled-display-sapphire-and-titanium-build/|1|7|Qualified|FILTER PASS: public company, health-sensor critical, but minimal wearable-specific coverage
17|Lenovo Watch|China|B2C|Smartwatch|Budget smartwatch (Watch Pro ~$60); basic HR/sleep sensors; adjustable magnetic strap; commodity wearable|1|Lenovo TTM revenue $67.85B USD — https://companiesmarketcap.com/lenovo/revenue/|3|https://www.lenovo.com/|DTC + Retail + Marketplace|Für knapp 60 Euro: Lenovo Watch Pro startet in China — Connect, 2025 — https://www.connect.de/news/lenovo-watch-pro-smartwatch-funktionen-preis-3210158.html|1|6|Qualified|FILTER PASS: public company, massive scale, but watches are minor accessory line
18|imoo Watch Phone|China|Kids|Kids smartwatch|Kids smartwatch with GPS/calling; adjustable band for children 4-12; fit important for comfort/wear compliance; global market leader in kids segment|1|imoo — BBK/vivo ecosystem brand; global market leader in kids smartwatches; specific financials undisclosed|3|https://www.imoostore.com/|DTC + Retail + Marketplace|Independence Without Worry: How the imoo Watch Phone X10 solved my anxiety as a parent - FUTRsg, Jul 2025 - https://futr.sg/2025/07/07/independence-without-worry-how-the-imoo-x10-watch-phone-solved-my-anxiety-as-a-parent/|1|6|Qualified|FILTER PASS: large private, global kids leader, but minimal Western media coverage
19|Frederique Constant|Switzerland|Luxury|Hybrid smartwatch|Hybrid smartwatch with traditional Swiss watch case + basic smart sensors; leather/metal strap needs correct sizing; luxury positioning means returns costly|2|Citizen Watch Co. watches division ¥197B (CHF 1B) FY2026 — parent of FC — https://www.watchpro.com/citizen-becomes-chf-1-billion-watchmaker/|3|https://frederiqueconstant.com/|DTC + Retail|Frederique Constant debuts smaller Worldtimer Manufacture — Yahoo Lifestyle, 2025 — https://www.yahoo.com/lifestyle/frederique-constant-debuts-smaller-worldtimer-113014324.html|2|7|Qualified|FILTER PASS: public parent, hybrid smartwatch niche, watch trade press coverage
20|Alpina Watches|Switzerland|Luxury|Hybrid smartwatch|Hybrid smartwatch (AlpinerX) with basic activity tracking; traditional Swiss watch with leather/metal strap sizing; smart features secondary|2|Citizen Watch Co. parent, watches division ¥197B (CHF 1B) — https://www.watchpro.com/citizen-becomes-chf-1-billion-watchmaker/|3|https://alpinawatches.com/|DTC + Retail|Alpina Seastrong Diver Extreme With A Retro Touch-Up - Fratello Watches, Sep 2025 - https://www.fratellowatches.com/alpina-seastrong-diver-extreme-with-a-retro-touch-up/|1|6|Qualified|FILTER PASS: public parent, hybrid niche, but minimal media coverage
21|TAG Heuer|Switzerland|Luxury|Luxury watch|Luxury Swiss watch with metal bracelet requiring professional sizing; Connected smartwatch line with HR/sports sensors needs skin contact; wrong bracelet sizing = unwearable $2K+ product|3|LVMH 2025 revenue €80.8B; Watches & Jewelry segment €5.09B H1 2025 — https://www.lvmh.com/en/financial-calendar/2024-full-year-results|3|https://www.tagheuer.com/|DTC + Retail|TAG Heuer CEO Antoine Pin verlässt LVMH: Konzern bestätigt — Uhrenkosmos (watch trade), Jan 2026 — https://www.uhrenkosmos.com/tag-heuer-ceo-antoine-pin-verlaesst-lvmh-2026/|3|9|Qualified|FILTER PASS: luxury bracelet sizing critical, public parent (LVMH), major media coverage (WSJ, Forbes, Bloomberg)
22|Montblanc|Switzerland|Luxury|Luxury watch|Luxury Summit smartwatch + traditional watches with leather/metal bracelet requiring precise sizing; Montblanc boutique fitting experience; wrong fit on $1K+ product = returns|3|Richemont FY2025 group revenue — https://www.richemont.com/media/ue1bjrjv/richemont-fy25-annual-report-en.pdf|3|https://www.montblanc.com/|DTC + Retail|"Montblanc Summit smartwatch comes with Google Assistant — Wired, 2017 (archival); newer: ""Montblanc Summit 2+ smartwatch features"" — Gadgetbridge, 2025 — https://www.gadgetbridge.com/news/montblanc-introduces-two-luxurious-accessories-montblanc-smart-headphones-and-summit-2-smartwatch/"|2|8|Qualified|FILTER PASS: luxury bracelet sizing critical, public parent, established brand with tech media coverage
23|Citizen|Japan|Fashion|Accessible/fashion watch|CZ Smart hybrid/Wear OS line with HR sensors requires skin contact; traditional watch lines mostly adjustable straps; hybrid positioning|2|Citizen watches division ¥197B (CHF 1B) FY2026, +10% YoY — https://www.watchpro.com/citizen-becomes-chf-1-billion-watchmaker/|3|https://www.citizenwatch.com/|DTC + Retail + Marketplace|Citizen becomes CHF 1 billion watchmaker as group sales climb 10% — WatchPro, May 2026 — https://www.watchpro.com/citizen-becomes-chf-1-billion-watchmaker/|2|7|Qualified|FILTER PASS: public company, billion-dollar watch group, trade press coverage
24|Casio / G-SHOCK|Japan|Fashion|Accessible/fashion watch|Primarily traditional watches with adjustable resin/metal straps and buckles; G-SHOCK fits most wrist sizes; some G-SHOCK models have HR sensors (GBD-H2000) but minority of line|1|Casio FY2025 (Mar 2025) net sales ¥261.8B ($1.7B USD) — https://finance.yahoo.com/quote/CSIOF/earnings/CSIOF-Q4-2025-earnings_call-303225.html|3|https://www.casio.com/|DTC + Retail + Marketplace|Casio to Release Full-Metal G-SHOCK with MIP LCD for Enhanced — Casio press, Nov 2025 — https://www.casio.com/intl/news/2025/1104-gmw-bz5000/|2|6|Qualified|FILTER EDGE CASE: adjustable straps (Pain=1), public company, massive scale, trade/blog coverage. Mostly traditional watches — limited need for precise wrist measurement
25|Fossil|United States|Fashion|Accessible/fashion watch|Exited smartwatch business Jan 2024; now traditional fashion watches only; adjustable leather/metal straps with standard buckles; fit not critical|1|Fossil Group FY2024 revenue $1.14B — https://en.wikipedia.org/wiki/Fossil_Group|3|https://www.fossil.com/|DTC + Retail|Fossil is quitting smartwatches — The Verge, Jan 2024 — https://www.theverge.com/2024/1/26/24052275/fossil-quitting-smartwatches-android-wear-os|2|6|Qualified|FILTER EDGE CASE: adjustable straps (Pain=1), exited smartwatch business, now traditional watches only. Public company with significant scale but no smartwatch needs.
26|Breitling|Switzerland|Luxury|Luxury watch|Luxury chronographs with metal bracelets; wrong link count = discomfort/returns; some bracelet models have limited micro-adjustment|2|Valuation cut from ~$4.5B to ~$2.2B in 2026 (FT); est. global revenue ~$900M; online rev $37.8M in 2024 (https://ecommercedb.com/store/breitling.com; https://www.watchpro.com/billions-wiped-off-the-value-of-breitling/)|3|https://www.breitling.com/|Direct e-com|Billions Wiped Off The Value Of Breitling — Financial Times / WatchPro, Feb 2026 (https://www.watchpro.com/billions-wiped-off-the-value-of-breitling/)|3|8|FILTER PASS: Very large scale, PE-backed, major media coverage, bracelet-fit relevant|~308K monthly visits (explodingtopics.com); CVC write-down covered by FT
27|Seiko|Japan|Luxury|Luxury watch|Primarily strap-based watches at scale; limited bracelet models; most products use standard buckles|1|Watches segment ¥98.2B H1 FY2025 (~$650M USD); total group ¥160B H1 FY2025 (https://www.notebookcheck.net/Seiko-is-outperforming-Swiss-giants-thanks-to-surging-U-S-sales.1168912.0.html)|3|https://www.seikowatches.com/|Multi-channel|Seiko is outperforming Swiss giants, thanks to surging U.S. sales — Notebookcheck, Nov 2025 (https://www.notebookcheck.net/Seiko-is-outperforming-Swiss-giants-thanks-to-surging-U-S-sales.1168912.0.html)|2|6|FILTER PASS: Public company, strong watch revenue, but mostly strap-based = low pain|Mass-market brand; diverse product range from $100 to $5000+
28|Grand Seiko|Japan|Luxury|Luxury watch|High-end luxury with intricate bracelets; Zaratsu-polished cases require precise bracelet fit for comfort; limited size options|2|See Seiko Group; Grand Seiko positioned as premium sub-brand with significant US growth (https://www.notebookcheck.net/Seiko-is-outperforming-Swiss-giants-thanks-to-surging-U-S-sales.1168912.0.html)|3|https://www.grand-seiko.com/|Multi-channel|Seiko is outperforming Swiss giants — Notebookcheck, Nov 2025 (covers Grand Seiko growth) (https://www.notebookcheck.net/Seiko-is-outperforming-Swiss-giants-thanks-to-surging-U-S-sales.1168912.0.html)|2|7|FILTER PASS: Premium sub-brand of public company; bracelet-fit is key for luxury segment|Grand Seiko growing rapidly in US market
29|Hublot|Switzerland|Luxury|Luxury watch|Known for rubber/ceramic straps with deployant clasps; some King Power/bracelet models; strap-sizing affects comfort|2|LVMH Watches & Jewelry division €10.5B in 2025; Hublot is a key brand within this division (https://www.luxurytribune.com/en/lvmh-watches-babin-prepares-to-step-down-jean-arnault-as-natural-heir)|3|https://www.hublot.com/|Multi-channel|LVMH Watch Week 2025 coverage by GQ, Chrono24, NZZ (https://www.gq-magazin.de/artikel/lvmh-watch-week-2024-tag-heuer-hublot-zenith)|3|8|FILTER PASS: Major LVMH brand, strong media presence at LVMH Watch Week|"Positioned as ""Art of Fusion"" with innovative materials"
30|Zenith|Switzerland|Luxury|Luxury watch|El Primero chronographs with metal bracelets; bracelet sizing critical for wearability; some limited editions with unique clasps|2|LVMH Watches & Jewelry €10.5B in 2025; Zenith is a heritage brand within LVMH (https://www.luxurytribune.com/en/lvmh-watches-babin-prepares-to-step-down-jean-arnault-as-natural-heir)|3|https://www.zenith-watches.com/|Multi-channel|LVMH Watch Week 2024: Das sind die Highlights von TAG Heuer, Hublot, Zenith — GQ Germany, 2024 (https://www.gq-magazin.de/artikel/lvmh-watch-week-2024-tag-heuer-hublot-zenith)|2|7|FILTER PASS: LVMH heritage brand; consistent trade press coverage|Chronomaster Sport is key collection
31|Bulgari Watches|Italy|Luxury|Luxury watch|Jewelry-watch hybrid; Octo Finissimo with integrated bracelet — non-adjustable, must fit perfectly; serpentine bracelets need exact sizing|3|LVMH Watches & Jewelry €10.5B in 2025; Bulgari is a flagship jewelry/watch brand within LVMH (https://www.luxurytribune.com/en/lvmh-watches-babin-prepares-to-step-down-jean-arnault-as-natural-heir)|3|https://www.bulgari.com/|Direct e-com|LVMH Watch Week and Bulgari Octo Finissimo world records widely covered by Robb Report, Hodinkee, Revolution Watch (2025-2026)|3|9|FILTER PASS: Integrated bracelet watch with zero adjustability = very high pain; huge LVMH scale|Octo Finissimo line has integrated bracelets that cannot be easily resized
32|Louis Vuitton Watches|France|Luxury|Luxury watch|Tambour and high-end complications; luxury bracelets/straps; clientele expects perfect fit out-of-box|2|LVMH Watches & Jewelry €10.5B in 2025; LV watchmaking growing with La Fabrique du Temps (https://www.luxurytribune.com/en/lvmh-watches-babin-prepares-to-step-down-jean-arnault-as-natural-heir)|3|https://www.louisvuitton.com/|Direct e-com|LVMH earnings coverage by Bloomberg, Reuters, WSJ (2025-2026); LV watch novelties at Watches & Wonders 2025-2026|3|8|FILTER PASS: Top-tier LVMH brand; major financial media coverage|LV investing heavily in haute horlogerie
33|Cartier|France|Luxury|Luxury watch|Tank, Santos, Panthère — iconic bracelet watches; many models have integrated bracelets; wrong size = unwearable; jewelry-watch crossover|3|Richemont Specialist Watchmakers €3.28B revenue in 2024; Cartier is the crown jewel of Richemont's watch division (https://www.statista.com/statistics/1377910/richemont-watchmakers-sales/)|3|https://www.cartier.com/|Direct e-com|Richemont reports solid results for fiscal year 2024-25 — Luxus Plus, May 2025 (https://luxus-plus.com/en/richemont-reports-solid-results-for-fiscal-year-2024-25/)|3|9|FILTER PASS: Top priority — integrated bracelet models, huge scale, premier media coverage|Cartier Santos and Panthère bracelets require precise fit; very high-end jewelry client
34|IWC Schaffhausen|Switzerland|Luxury|Luxury watch|Pilot/Top Gun watches with leather/rubber straps and metal bracelets; Big Pilot line is large — fit matters for comfort/returns|2|Richemont Specialist Watchmakers €3.28B in 2024; IWC is a major brand in the division (https://www.statista.com/statistics/1377910/richemont-watchmakers-sales/)|3|https://www.iwc.com/|Multi-channel|Richemont's Interim Results Reflect Weakness in Asian Watch Market — Watch Analytics Blog, 2024 (https://blog.watchanalytics.io/p/richemonts-interim-results-reflect)|2|7|FILTER PASS: Major Richemont brand; mostly strap-based but bracelet models exist|IWC pilot watches mostly on straps; some Portugieser on bracelet
35|Panerai|Italy|Luxury|Luxury watch|Large-case watches (44-47mm); extensive strap ecosystem but bracelet models exist; oversized fit can be problematic for smaller wrists|2|Richemont Specialist Watchmakers €3.28B in 2024; Panerai has dedicated following (https://www.statista.com/statistics/1377910/richemont-watchmakers-sales/)|3|https://www.panerai.com/|Multi-channel|Richemont: Watch Sales Down, Jewelry Up — Perpetual Passion, Jul 2025 (https://www.perpetualpassion.com/en/2025/07/16/richemont-vendite-in-calo-per-lorologeria-gioielleria-in-crescita-a-doppia-cifra/)|2|7|FILTER PASS: Strong Richemont brand; large sizes make fit relevant for conversion|Known for oversized cases — wrong fit is a real return risk
36|Jaeger-LeCoultre|Switzerland|Luxury|Luxury watch|Reverso requires precise case fit on wrist; Master Control with bracelets; high-end clientele expects perfect sizing|2|Richemont Specialist Watchmakers €3.28B in 2024; JLC is a flagship manufacture (https://www.statista.com/statistics/1377910/richemont-watchmakers-sales/)|3|https://www.jaeger-lecoultre.com/|Multi-channel|New JLC boutique at ICONSIAM and CEO appointment coverage (https://www.richemont.com/)|2|7|FILTER PASS: High-end manufacture; Reverso fit is important for rectangular case|Reverso unique shape makes wrist measurement more critical
37|Vacheron Constantin|Switzerland|Luxury|Luxury watch|Overseas with integrated bracelet (must fit exactly); Patrimony and Traditionnelle on bracelets; ultra-high-end clientele|3|"Richemont Specialist Watchmakers €3.28B in 2024; Vacheron is one of the ""Holy Trinity"" (https://www.statista.com/statistics/1377910/richemont-watchmakers-sales/)"|3|https://www.vacheron-constantin.com/|Varies|Vacheron Constantin Wraps Up 270th Anniversary With Diamonds — Forbes, Dec 2025 (https://www.forbes.com/sites/robertanaas/2025/12/22/vacheron-constantin-wraps-up-270th-anniversary-year-with-diamonds/)|3|9|FILTER PASS: Highest priority — integrated bracelet, Forbes coverage, holy trinity brand|Overseas integrated bracelet needs exact wrist measurement for proper fit
38|Piaget|Switzerland|Luxury|Luxury watch|Altiplano ultra-thin; Polo with integrated bracelet; jewelry-watch hybrids; ultra-thin cases demand precise bracelet fit|2|Richemont Specialist Watchmakers €3.28B in 2024; Piaget positioned as jewelry-watch maison (https://www.statista.com/statistics/1377910/richemont-watchmakers-sales/)|3|https://www.piaget.com/|Multi-channel|Richemont financial results coverage by Bloomberg, Reuters (2025-2026)|2|7|FILTER PASS: Richemont jewelry-watch brand; integrated bracelet models|Polo collection with integrated bracelet is growing
39|A. Lange & Söhne|Germany|Luxury|Luxury watch|Mostly alligator leather straps with deployant clasps; some bracelet models (Odysseus); German precision — fit matters for ultra-luxury|2|Richemont Specialist Watchmakers €3.28B in 2024; ALS is ultra-high-end German manufacture (https://www.statista.com/statistics/1377910/richemont-watchmakers-sales/)|3|https://www.alange-soehne.com/|Varies|Watches & Wonders 2026 featuring ALS novelties; covered by Revolution Watch, Hodinkee (2026)|3|8|FILTER PASS: Ultra-high-end German manufacture; Watches & Wonders coverage|Odysseus bracelet model needs precise fit; most models are strap-based
40|Roger Dubuis|Switzerland|Luxury|Luxury watch|Excalibur aggressive designs; mostly rubber/leather straps with deployant; limited bracelet models|1|Richemont Specialist Watchmakers €3.28B in 2024; Roger Dubuis is niche high-end (https://www.statista.com/statistics/1377910/richemont-watchmakers-sales/)|3|https://www.rogerdubuis.com/|Varies|Roger Dubuis präsentiert: die neue Excalibur Blacklight — Swisswatches Magazine, 2026 (https://swisswatches-magazine.de/roger-dubuis-praesentiert-die-neue-excalibur-blacklight-spin-stone-monobalancier/)|2|6|FILTER PASS: Richemont niche brand; mostly strap-based = lower pain|Excalibur mainly on rubber straps with deployant clasp
41|Hermès Watches|France|Luxury|Luxury watch|H08, Arceau, Cape Cod — many on Hermès leather straps; some bracelet models; high-end fashion clientele expects perfect fit|2|Hermès total revenue €15.2B in 2024; watches line included in group results (https://finance.hermes.com/2024-full-year-results/)|3|https://www.hermes.com/|Direct e-com|Hermès 2024 Full-Year Results: Outstanding results, revenue €15.2B — Hermès Finance, Feb 2025 (https://finance.hermes.com/2024-full-year-results/)|3|8|FILTER PASS: Public company with massive scale; premier media coverage of financial results|Hermès Time at Watches & Wonders Geneva annually
42|Gucci Timepieces|Italy|Luxury|Luxury watch|Fashion watches with bracelets and straps; Grip, G-Timeless collections; fashion-forward sizing matters for luxury e-com returns|2|Kering total revenue €17.2B in 2024; Gucci €7.7B in 2024; watches part of Gucci's accessories (https://www.kering.com/en/news/2024-annual-results/)|3|https://www.gucci.com/|Direct e-com|Kering Revenue Fell in 2024 Thanks to Declines at Gucci — The Fashion Law, 2025 (https://www.thefashionlaw.com/kering-revenue-fell-in-2024-thanks-to-declines-at-gucci-ysl/)|3|8|FILTER PASS: Major Kering brand; extensive financial media coverage; fashion watch fit matters|Gucci watches mostly fashion-oriented; e-com is important channel
43|Porsche Design Timepieces|Germany|Luxury|Luxury watch|Chronograph and sports watches; metal bracelets and rubber straps; automotive-inspired designs — fit matters for brand experience|2|Porsche AG revenue €40.1B in 2024; Porsche Design watches are a licensed/group brand (https://www.ainvest.com/news/porsche-design-watches-hidden-growth-engine-luxury-automotive-ecosystem-2508/)|3|https://www.porsche-design.com/|Direct e-com|Porsche Design Watches: A Hidden Growth Engine in the Luxury Automotive Ecosystem — AInvest, Aug 2025 (https://www.ainvest.com/news/porsche-design-watches-hidden-growth-engine-luxury-automotive-ecosystem-2508/)|2|7|FILTER PASS: Public parent with massive scale; automotive-luxury crossover|Porsche branding gives built-in audience and credibility
44|Arnold & Son|Switzerland|Luxury|Luxury watch|High-end mechanical with leather straps; limited bracelet models; niche ultra-luxury|1|Citizen Watch Co. revenue ~¥300B (~$2B); Arnold & Son is tiny niche within the group (https://www.citizen.co.jp/global/ir/library_archive/library_en/2024)|3|https://www.arnoldandson.com/|Varies|The New Arnold & Son Longitude Titanium 5degW Edition - Monochrome Watches, Oct 2025 - https://monochrome-watches.com/arnold-and-son-longitude-titanium-5w-limited-edition-review-price/|1|5|FILTER EDGE CASE: Public parent but tiny sub-brand; minimal wrist-fit criticality|Primarily strap-based; niche collector brand
45|Maurice Lacroix|Switzerland|Luxury|Luxury watch|Aikon collection with integrated bracelet (key model); Masterpiece line with bracelets; bracelet sizing critical for Aikon's success|3|DKSH is public (SIX Swiss Exchange); Maurice Lacroix is a subsidiary; brand was put for sale in 2015 but remains with DKSH (https://en.wikipedia.org/wiki/Maurice_Lacroix)|2|https://www.mauricelacroix.com/|Multi-channel|Maurice Lacroix AIKON Venturer 38mm — Our Man On The Ground Travel, 2025-2026 (https://omotgtravel.com/watches/maurice-lacroix-aikon-venturer-38mm/)|1|6|FILTER PASS: Aikon integrated bracelet = high pain; DKSH public parent but small sub-brand|Aikon is the breadwinner for ML; integrated bracelet makes wrist fit critical
46|Corum|Switzerland|Luxury|Luxury watch|Admiral's Cup with metal bracelets; Bubble and Golden Bridge collections; bracelet-sizing for flagship Admiral line|2|Citychamp revenue HKD 1.59B (~$204M) in 2024; Corum revenue ~$20M including Eterna (https://www.hodinkee.com/articles/corum-watch-brand-back-in-swiss-hands-after-management-buyout)|2|https://www.corum-watches.com/|Varies|Corum Watch Brand Back In Swiss Hands After Management Buyout — Hodinkee, Apr 2025 (https://www.hodinkee.com/articles/corum-watch-brand-back-in-swiss-hands-after-management-buyout)|2|6|FILTER EDGE CASE: Just went private via MBO; moderate trade press coverage|Ownership transition creates uncertainty; Admiral bracelet fit is relevant
47|Eterna|Switzerland|Luxury|Luxury watch|Heritage brand with metal bracelets; Eternity and Kontiki collections; bracelet-fit important for classic models|2|Citychamp revenue HKD 1.59B in 2024; Eterna is a small part of this group (https://stockanalysis.com/quote/hkg/0256/revenue/)|2|https://www.eterna.com/|Varies|No watch-specific coverage found (2025-2026)|1|5|FILTER EDGE CASE: Public parent (HK listed) but tiny revenue contribution; minimal coverage|Citychamp focusing on Chinese market; Eterna heritage has potential
48|NOMOS Glashütte|Germany|Luxury|Luxury watch|Tangente, Metro, Club — mostly leather/cordovan straps; some bracelet models (Sport); minimalist design — fit matters for aesthetic|2|Revenue estimated ~$4.4M (prospeo.io); independent manufacture ~300 employees (https://prospeo.io/c/nomos-glashutte-revenue)|1|https://nomos-glashuette.com/|Direct e-com|NOMOS Glashütte wins the iF Design Award 2026 — Timekeepers Club, Mar 2026 (https://timekeepers.club/articles/industry-news/nomos-glashutte-wins-the-if-design-award-2026)|2|5|FILTER PASS: Independent with strong design DNA; global reach but small revenue|NOMOS opened Shanghai lounge in 2026 — international expansion
49|Baume & Mercier|Switzerland|Luxury|Luxury watch|Riviera with integrated bracelet (key model); Clifton with bracelet options; Riviera's 12-sided bezel + bracelet needs precise fit|3|Richemont Specialist Watchmakers €3.28B in 2024; Baume & Mercier is entry-luxury within Richemont (https://www.statista.com/statistics/1377910/richemont-watchmakers-sales/)|3|https://www.baume-et-mercier.com/|Multi-channel|We explore Baume & Mercier's Watches & Wonders 2025 releases with new CEO Michael Guenoun - Time+Tide, May 2025 - https://timeandtidewatches.com/baume-mercier-collection-overview-watches-wonders-2025/|1|7|FILTER PASS: Riviera integrated bracelet = very high pain; Richemont scale but low standalone coverage|Riviera is the flagship; similar integrated-bracelet fit challenge as other luxury sports watches
50|Chanel Watches|France|Luxury|Luxury watch|J12 ceramic with bracelet — precise fit needed for ceramic (cannot be easily adjusted post-sale); Boy.Friend and Première bracelet sizing|3|Chanel total revenue $18.7B in 2024; watches & fine jewelry ~10% = ~$1.87B (https://www.chanel.com/puls-img/1747810519727-20250520fy24resultspressreleasefinalwwpdf.pdf)|3|https://www.chanel.com/watches/|Direct e-com|Chanel Returned to Sales Growth in 2025, Buoyed by US Demand — Bloomberg, May 2026 (https://www.bloomberg.com/news/articles/2026-05-19/chanel-returned-to-sales-growth-in-2025-buoyed-by-us-demand)|3|9|FILTER PASS: Highest priority — ceramic bracelets can't be easily adjusted, huge scale, Bloomberg/Forbes coverage|J12 ceramic bracelet needs to be ordered in correct size; opened dedicated US watch flagship on Fifth Ave (2024)
51|Bulova|USA (parent: Japan)|Fashion|Accessible/fashion watch|Metal bracelet watches require link removal for sizing; leather straps need correct hole fit; online returns from wrong fit costing ~15-20% for watch e-comm|2|Citizen Watch Co. revenue $2.13B (TTM), market cap $3.34B — https://companiesmarketcap.com/citizen-watch/revenue/|3|https://www.bulova.com/|D2C + retail partners|Bulova Unveils Art Deco Pocket Watch For Its 150th Anniversary — Forbes, Mar 24, 2025 — https://www.forbes.com/sites/bhanuchopra/2025/03/24/bulova-unveils-art-deco-pocket-watch-for-its-150th-anniversary/|3|8|Qualified|FILTER PASS: Public parent Citizen Watch Co. ($2.13B), Forbes coverage, 150th anniversary generates media
52|Movado|USA (Swiss-made)|Fashion|Accessible/fashion watch|Swiss-made watches with metal bracelets need precise sizing; Museum dial design requires correct wrist fit for aesthetic; D2C returns from wrong fit|2|Movado Group revenue $653.4M FY2025 — https://companiesmarketcap.com/movado/revenue/|3|https://www.movado.com/|D2C + retail partners|Movado Group Inc. Announces Fourth Quarter and Fiscal Year 2025 Results — BusinessWire via Yahoo Finance, Apr 16, 2025 — https://finance.yahoo.com/news/movado-nyse-mov-reports-q3-120305759.html|3|8|Qualified|FILTER PASS: Public company NYSE:MOV, $653M revenue, covered by Yahoo Finance/Bloomberg/WSJ
53|MVMT|USA|Fashion|Accessible/fashion watch|D2C-first brand; minimalist designs with leather and metal bands; online returns from wrong wrist size are primary pain point for D2C watch brands|2|Parent Movado Group revenue $653.4M FY2025 — https://companiesmarketcap.com/movado/revenue/|3|https://www.mvmt.com/|D2C|MVMT Arc Automatic Watch Collection Review — Business Insider, 2018; limited recent major media beyond Movado Group earnings|2|7|Qualified|FILTER PASS: Subsidiary of public Movado Group; D2C model means sizing returns are critical pain point
54|Olivia Burton|UK|Fashion|Accessible/fashion watch|Women's fashion watches with delicate bracelets and mesh bands; precise wrist fit needed for aesthetic; jewelry-style sizing requirements|2|Parent Movado Group revenue $653.4M FY2025 — https://companiesmarketcap.com/movado/revenue/|3|https://www.oliviaburton.com/|D2C + retail partners|Limited major media; covered under Movado Group earnings reports; trade press in fashion/jewelry|1|6|Qualified|FILTER PASS: Subsidiary of public Movado Group; niche UK brand with limited standalone coverage
55|Ebel|Switzerland|Luxury|Luxury watch|Luxury Swiss watches with integrated bracelet designs; non-standard lug widths; precise wrist measurement critical for luxury segment where wrong fit = unacceptable|2|Parent Movado Group revenue $653.4M FY2025 — https://companiesmarketcap.com/movado/revenue/|3|https://www.ebel.com/|D2C + authorized dealers|Die neue Ebel Sport Classic 37 mm Automatic - WatchTime, 2025 - https://www.watchtime.net/brands/automatikuhren/ebel-sport-classic-37-mm-automatic-gruen|1|6|Qualified|FILTER PASS: Subsidiary of public Movado Group; luxury positioning means precise fit matters more
56|Concord|Switzerland|Luxury|Luxury watch|Luxury Swiss watches; high-end metal bracelets require professional sizing; wrong fit in luxury segment leads to high-cost returns and brand damage|2|Parent Movado Group revenue $653.4M FY2025 — https://companiesmarketcap.com/movado/revenue/|3|https://www.concord.ch/|Authorized dealers|No watch-specific coverage found (2025-2026)|1|6|Qualified|FILTER EDGE CASE: Legacy luxury brand under Movado Group; minimal recent market activity
57|Coach Watches|USA|Fashion|Accessible/fashion watch|Fashion watches with leather and metal bands; Coach brand customers expect perfect fit; returns from wrong sizing impact license economics|2|Watch operator Movado Group $653.4M FY2025; brand owner Tapestry Inc. $6.7B FY2024 — https://companiesmarketcap.com/movado/revenue/|3|https://www.coach.com/|D2C + retail + dept stores|Coach watches included in Movado Group portfolio; brand owner Tapestry has broad media coverage|2|7|Qualified|FILTER PASS: Licensed to public Movado Group; Coach brand (Tapestry) is $2.2B+ brand
58|HUGO BOSS Watches|Germany|Fashion|Accessible/fashion watch|Fashion watches; BOSS brand customers expect premium fit; metal bracelets need sizing; e-commerce returns from wrong fit|2|Watch operator Movado Group $653.4M FY2025; brand owner HUGO BOSS AG ~€4.3B ($4.7B) FY2024 — https://en.wikipedia.org/wiki/Hugo_Boss|3|https://www.hugoboss.com/|D2C + retail + dept stores|HUGO BOSS broadly covered in financial media (WSJ, Bloomberg, FT); watch segment within Movado Group reporting|3|8|Qualified|FILTER PASS: Licensed to public Movado Group; HUGO BOSS is €4.3B public company with major media presence
59|Lacoste Watches|France|Fashion|Accessible/fashion watch|Sport-fashion watches; silicone and metal bands; tennis/heritage positioning means active wear fit matters|2|Watch operator Movado Group $653.4M FY2025; brand owner Maus Frères private ~$6B+ — https://companiesmarketcap.com/movado/revenue/|3|https://www.lacoste.com/|D2C + retail + dept stores|Lacoste brand has broad media coverage; watch segment under Movado Group|2|7|Qualified|FILTER PASS: Licensed to public Movado Group; Lacoste owned by large private Maus Frères
60|Tommy Hilfiger Watches|USA|Fashion|Accessible/fashion watch|Fashion watches; Tommy Hilfiger brand broad appeal; metal and leather bands need sizing; D2C returns from wrong fit|2|Watch operator Movado Group $653.4M FY2025; brand owner PVH Corp. $8.65B FY2024 (Tommy Hilfiger ~$4.6-5B) — https://matrixbcg.com/blogs/how-it-works/pvh|3|https://www.tommy.com/|D2C + retail + dept stores|PVH/Tommy Hilfiger broadly covered in major financial media; watch segment via Movado Group|3|8|Qualified|FILTER PASS: Licensed to public Movado Group; Tommy Hilfiger is $4.6B+ brand under PVH (public)
61|Michele|USA|Fashion|Accessible/fashion watch|Women's luxury fashion watches; jewelry-style bracelets and straps; precise wrist fit critical for aesthetic appeal; high return sensitivity|2|Fossil Group revenue $1.14B FY2024 — https://companiesmarketcap.com/fossil-group/revenue/|3|https://www.michele.com/|D2C + dept stores|Part of Fossil Group portfolio; Fossil Group exit from smartwatch business covered by TechCrunch, The Verge, Gadgets360 (2024)|2|7|Qualified|FILTER PASS: Owned by public Fossil Group ($1.14B); niche women's luxury watch brand
62|Skagen|Denmark (USA parent)|Fashion|Accessible/fashion watch|Minimalist Danish design; mesh and leather bands; slim profile requires precise fit; D2C returns; semrush.com shows ~82K monthly traffic|2|Fossil Group revenue $1.14B FY2024 — https://companiesmarketcap.com/fossil-group/revenue/|3|https://www.skagen.com/|D2C + retail|Fossil to Exit Smartwatch Business Citing Strategic Reasons — Gadgets360, 2024 — https://www.gadgets360.com/wearables/news/fossil-exit-smartwatch-business-report-4952195|2|7|Qualified|FILTER PASS: Owned by public Fossil Group; Skagen Falster smartwatch line impacted by Fossil smartwatch exit
63|Zodiac|Switzerland (USA parent)|Luxury|Luxury watch|Swiss-made dive watches; metal bracelets need professional sizing; enthusiast market demands precise fit; niche but passionate audience|2|Fossil Group revenue $1.14B FY2024 — https://companiesmarketcap.com/fossil-group/revenue/|3|https://www.zodiacwatches.com/|D2C + authorized dealers|Trade press coverage in watch enthusiast blogs (Hodinkee, Worn & Wound); limited major financial media|2|7|Qualified|FILTER PASS: Owned by public Fossil Group; heritage Swiss dive watch brand with enthusiast following
64|Armani Exchange Watches|Italy (licensed to USA)|Fashion|Accessible/fashion watch|Youth-oriented fashion watches; metal and leather bands; fashion-forward customers expect perfect fit; D2C returns|2|Watch operator Fossil Group $1.14B FY2024 — https://companiesmarketcap.com/fossil-group/revenue/|3|https://www.armani.com/|D2C + retail + dept stores|Armani brand broadly covered; AX watches under Fossil Group portfolio; Giorgio Armani private ~$2B+ estimated revenue|2|7|Qualified|FILTER PASS: Licensed to public Fossil Group; Armani brand has strong global media presence
65|Diesel Watches|Italy (licensed to USA)|Fashion|Accessible/fashion watch|Bold oversized fashion watches; large case sizes need proper wrist fit to avoid looking disproportionate; metal bracelets need sizing|2|Watch operator Fossil Group $1.14B FY2024 — https://companiesmarketcap.com/fossil-group/revenue/|3|https://www.diesel.com/|D2C + retail + dept stores|Diesel brand covered in fashion media; watch segment via Fossil Group|2|7|Qualified|FILTER PASS: Licensed to public Fossil Group; Diesel is established fashion brand under OTB Group
66|DKNY Watches|USA|Fashion|Accessible/fashion watch|NYC fashion watches; metal and leather bands; department store focused; sizing for gift purchases critical|2|Watch operator Fossil Group $1.14B FY2024 — https://companiesmarketcap.com/fossil-group/revenue/|3|https://www.dkny.com/|D2C + dept stores|DKNY brand covered in fashion trade press; watch segment via Fossil Group|2|7|Qualified|FILTER PASS: Licensed to public Fossil Group; DKNY owned by G-III Apparel (public, ~$3B)
67|Emporio Armani Watches|Italy (licensed to USA)|Fashion|Accessible/fashion watch|Premium fashion watches; Italian design aesthetic demands perfect fit; metal bracelets need precise sizing; high-end positioning means returns are costly|2|Watch operator Fossil Group $1.14B FY2024 — https://companiesmarketcap.com/fossil-group/revenue/|3|https://www.armani.com/|D2C + retail + dept stores|Emporio Armani broadly covered in fashion/luxury media; EA Connected smartwatch line covered in tech press (The Verge, TechCrunch)|3|8|Qualified|FILTER PASS: Licensed to public Fossil Group; Emporio Armani is premium sub-brand with strong media coverage
68|Kate Spade New York Watches|USA|Fashion|Accessible/fashion watch|Feminine fashion watches; bracelet and leather bands; gift-purchase heavy means wrong size = high return rate; transitioning license operator|2|New operator Movado Group $653.4M FY2025; brand owner Tapestry ~$6.7B FY2024 — https://www.businesstoday.com.my/2026/07/16/a-new-chapter-begins-for-kate-spade-new-york-watches/|3|https://www.katespade.com/|D2C + retail + dept stores|A New Chapter Begins For Kate Spade New York Watches — Business Today, Jul 16, 2026 — https://www.businesstoday.com.my/2026/07/16/a-new-chapter-begins-for-kate-spade-new-york-watches/|2|7|Qualified|FILTER PASS: License transitioning from Fossil to Movado Group (both public); recent media coverage on the move
69|Michael Kors Watches|USA|Fashion|Accessible/fashion watch|Premium fashion watches; largest licensed watch brand for Fossil; metal bracelets need precise sizing; massive D2C and retail volume amplifies return costs|2|Watch operator Fossil Group $1.14B FY2024; brand owner Capri Holdings $3.47B FY2025 (Michael Kors ~68% = ~$2.36B) — https://www.capriholdings.com/news/news-details/2025/Capri-Holdings-Limited-Announces-Fourth-Quarter-and-Full-Year-Fiscal-2025-Results/default.aspx|3|https://www.michaelkors.com/|D2C + retail + dept stores|Michael Kors extensively covered in financial/fashion media (WSJ, Bloomberg, Forbes, Vogue, WWD); watch license renewal with Fossil covered by Fox Business|3|8|Qualified|FILTER PASS: Licensed to public Fossil Group; Michael Kors is $2.36B brand under public Capri Holdings
70|Tory Burch Watches|USA|Fashion|Accessible/fashion watch|Designer fashion watches; jewelry-inspired bracelets; premium positioning means exact fit expected; gift purchases amplify sizing issues|2|Watch operator Fossil Group $1.14B FY2024 — https://companiesmarketcap.com/fossil-group/revenue/|3|https://www.toryburch.com/|D2C + retail + dept stores|Tory Burch brand covered in fashion media (Vogue, WWD, Harper's Bazaar); watch segment via Fossil Group|2|7|Qualified|FILTER PASS: Licensed to public Fossil Group; Tory Burch is $1.5B+ private fashion brand
71|Skechers Watches|USA|Fashion|Accessible/fashion watch|Active lifestyle watches; silicone and rubber straps; sporty positioning means active wear fit for comfort; lower price point but volume-driven|2|Watch operator Fossil Group $1.14B FY2024; brand owner Skechers $8.25B FY2024 — https://footwearmagazine.com/skechers-history-ownership/|3|https://www.skechers.com/|D2C + retail + dept stores|Skechers brand extensively covered in business media (WSJ, Bloomberg, Fashion Dive); watch segment niche|2|7|Qualified|FILTER PASS: Licensed to public Fossil Group; Skechers is $8.25B public footwear giant
72|Titan Watches|India|Fashion|Accessible/fashion watch|India's largest watch brand; massive volume (~$550M watch segment); metal bracelets need sizing for Indian market; extensive retail network with in-store sizing; online growth drives return sensitivity|2|Titan Company revenue ~$10.5B FY2025; watch segment ₹4,576 Cr (~$550M) — https://www.cnbctv18.com/business/titan-expects-watch-biz-to-cross-billion-dollar-sales-mark-in-next-2-yrs-focus-on-premiumisation-ws-l-19798119.htm|3|https://www.titan.co.in/|D2C + 2000+ retail stores|Titan Projects $1 Billion Watch Sales by 2027 as Premiumisation Grows — Economic Times, Dec 22, 2025 — https://brandequity.economictimes.indiatimes.com/news/business-of-brands/titan-projects-1-billion-watch-sales-by-2027-as-premiumisation-grows/126109301|2|7|Qualified|FILTER PASS: Public company (NSE:TITAN), $10.5B revenue; watch segment targeting $1B; ET/CNBC coverage
73|Fastrack|India|Fashion|Accessible/fashion watch|India's #1 youth watch brand; affordable fashion watches; high volume; metal and leather bands; online-heavy sales channel makes sizing returns significant|2|Parent Titan Company revenue ~$10.5B FY2025 — https://www.cnbctv18.com/business/titan-expects-watch-biz-to-cross-billion-dollar-sales-mark-in-next-2-yrs-focus-on-premiumisation-ws-l-19798119.htm|3|https://www.fastrack.in/|D2C + retail|Covered under Titan Company earnings and Indian business press (ET, CNBC-TV18, Mint); youth brand focus|2|7|Qualified|FILTER PASS: Subsidiary of public Titan Company; #1 youth watch brand in India
74|Timex|USA (Netherlands HQ)|Fashion|Accessible/fashion watch|Iconic accessible watch brand; massive global volume; diverse product range (digital, analog, sports); metal bracelets need sizing; high e-commerce penetration drives return sensitivity|2|Timex Group estimated revenue $1.4B (private) — https://www.zippia.com/timex-group-usa-careers-41836/revenue/; Timex.com online revenue $114M (2025) — https://ecdb.com/resources/sample-data/retailer/timex|2|https://timex.com/|D2C + retail partners globally|"Noah's 2025 Timex Watch Is a Patek-ish $200 Dress Watch — Highsnobiety, 2025; also covered in GQ ""Best Watches of 2025""; watch blog reviews"|2|6|Qualified|FILTER PASS (scale exception): Large private company with estimated $1.4B revenue; strong brand recognition
75|GUESS Watches|USA (Swiss HQ for watches)|Fashion|Accessible/fashion watch|Fashion-forward watches; bold designs; metal bracelets and leather straps; D2C and dept store channels; brand owner is $3B public company|2|Brand owner Guess? Inc. revenue $3.0B FY2025 — https://stockanalysis.com/stocks/ges/revenue/; watch operator Sequel AG private|2|https://guesswatches.com/|D2C + dept stores|Guess? Inc. covered in major financial media (WSJ, Bloomberg, Yahoo Finance); watch segment separate but under brand umbrella|2|6|Qualified|FILTER PASS (scale exception): Brand owner Guess? Inc. is public with $3B revenue; watch operator Sequel AG is private
76|Versace Watches|Italy (brand) / Switzerland (watch licensee)|Luxury|Luxury|Luxury fashion watches sold D2C; bracelet sizing and fit critical for online conversion; integrated bracelet designs (Tolomeo, Greca) require precision sizing|2|Prada Group (HKEX:1913), public, $6.71B revenue (2025). Source: https://companiesmarketcap.com/prada/revenue/|3|https://www.versace.com/|Full D2C — watches listed with Add to Bag on versace.com|Versace Fall/Winter 2025 Watch Collection — WatchPro, Jan 2026. https://www.watchpro.com/tag/versace/|3|8|PASS|Brand owned by Prada Group (public HKEX:1913 since 2011). Watch license operated by Timex Group (private). D2C via versace.com. Versace acquired by Prada from Capri Holdings Apr 2025.
77|Ferragamo Watches|Italy (brand) / Switzerland (watch licensee)|Luxury|Luxury|Fashion watches with integrated bracelets and metal bands; F-80 line has non-adjustable integrated lugs; online sales require accurate wrist sizing to reduce returns|2|Salvatore Ferragamo S.p.A. (BIT:SFER), public, €977M revenue (2025). Source: https://group.ferragamo.com/resource/blob/1130322/d04225d69b6c1fa48fda96e286244079/2025-10-23-press-release-9m-2025-data.pdf|3|https://www.ferragamo.com/|Full D2C — watches with Add to Cart on ferragamo.com, free shipping|Ferragamo confirms full-year revenue decline — WorldFootwear, Mar 2026. https://www.worldfootwear.com/news/ferragamo-confirms-fullyear-revenue-decline-and-discloses-lower-profits/11337.html|3|8|PASS|Brand owner Salvatore Ferragamo S.p.A. is public (BIT:SFER). Watches sold D2C on ferragamo.com. Watch manufacturing licensed to Timex Group (private).
78|Bremont|United Kingdom|Luxury|Luxury|Aviation/military watches with integrated bracelet designs (Supernova, MB series); bracelet sizing critical for online D2C sales; most models use standard lugs but bracelet fit remains key|2|Raised $59M (£48.4M) from Bill Ackman & Hellcat LP, Jan 2023. Valued ~£100M. Source: https://www.bloomberg.com/news/articles/2023-01-23/billionaire-ackman-invests-in-bremont-in-boost-for-uk-watchmaker|2|https://www.bremont.com/|Full D2C — /shop, /cart, 3-year 0% finance|Nick English appointed Executive Chairman at Moke International — Automotive.bg, 2026. https://automotive.bg/industry-news/nick-english-co-founder-of-bremont-watches-appointed-new-executive-chairman-at-moke-international/|3|7|PASS|Meets $20M+ funding threshold. D2C confirmed with cart/checkout. Also covered by Robb Report, Boss Hunting. Ex-MoD supplier (~30% of revenue from military).
